date,focus_ipca_12m
2008-01-04,4.44
2008-01-07,4.64
2008-01-08,4.68
2008-01-09,4.75
2008-01-10,4.13
2008-01-11,4.18
2008-01-14,4.6
2008-01-15,4.6
2008-01-16,4.6
2008-01-17,4.6
2008-01-18,4.31
2008-01-21,4.21
2008-01-22,4.97
2008-01-23,5.01
2008-01-24,4.43
2008-01-25,4.12
2008-01-28,4.53
2008-01-29,4.97
2008-01-30,4.43
2008-01-31,4.0
2008-02-01,4.55
2008-02-06,4.67
2008-02-07,4.22
2008-02-08,4.61
2008-02-11,4.5
2008-02-12,4.73
2008-02-13,4.68
2008-02-14,4.65
2008-02-15,4.62
2008-02-18,4.23
2008-02-19,4.75
2008-02-20,4.12
2008-02-21,4.55
2008-02-22,3.97
2008-02-25,3.96
2008-02-26,3.98
2008-02-27,4.3
2008-02-28,4.63
2008-02-29,4.63
2008-03-03,4.02
2008-03-04,4.49
2008-03-05,3.99
2008-03-06,4.58
2008-03-07,4.31
2008-03-10,4.65
2008-03-11,4.25
2008-03-12,4.25
2008-03-13,4.58
2008-03-14,4.6
2008-03-17,4.01
2008-03-18,4.84
2008-03-19,4.02
2008-03-20,4.03
2008-03-24,4.61
2008-03-25,4.0
2008-03-26,4.68
2008-03-27,4.87
2008-03-28,4.36
2008-03-31,4.35
2008-04-01,4.12
2008-04-02,4.11
2008-04-03,4.11
2008-04-04,4.04
2008-04-07,4.37
2008-04-08,4.74
2008-04-09,4.05
2008-04-10,4.09
2008-04-11,4.79
2008-04-14,4.82
2008-04-15,4.13
2008-04-16,4.97
2008-04-17,4.85
2008-04-18,4.99
2008-04-22,4.36
2008-04-23,4.14
2008-04-24,4.42
2008-04-25,4.94
2008-04-28,4.39
2008-04-29,4.94
2008-04-30,4.41
2008-05-02,4.56
2008-05-05,5.33
2008-05-06,5.33
2008-05-07,4.39
2008-05-08,5.9
2008-05-09,4.25
2008-05-12,5.64
2008-05-13,6.36
2008-05-14,4.33
2008-05-15,4.31
2008-05-16,4.65
2008-05-19,5.01
2008-05-20,4.75
2008-05-21,4.44
2008-05-23,4.84
2008-05-26,4.98
2008-05-27,5.82
2008-05-28,6.17
2008-05-29,4.78
2008-05-30,6.19
2008-06-02,6.42
2008-06-03,4.76
2008-06-04,5.04
2008-06-05,6.24
2008-06-06,7.55
2008-06-09,4.51
2008-06-10,6.82
2008-06-11,4.56
2008-06-12,6.5
2008-06-13,4.94
2008-06-16,4.96
2008-06-17,4.83
2008-06-18,4.61
2008-06-19,5.13
2008-06-20,7.87
2008-06-23,7.2
2008-06-24,8.09
2008-06-25,7.31
2008-06-26,5.27
2008-06-27,7.07
2008-06-30,7.07
2008-07-01,8.28
2008-07-02,5.03
2008-07-03,5.05
2008-07-04,8.38
2008-07-07,5.62
2008-07-08,7.1
2008-07-09,5.32
2008-07-10,4.84
2008-07-11,4.87
2008-07-14,7.57
2008-07-15,5.46
2008-07-16,4.89
2008-07-17,7.47
2008-07-18,5.54
2008-07-21,4.78
2008-07-22,5.39
2008-07-23,5.38
2008-07-24,5.58
2008-07-25,5.44
2008-07-28,4.74
2008-07-29,7.55
2008-07-30,5.32
2008-07-31,4.74
2008-08-01,5.23
2008-08-04,5.36
2008-08-05,4.77
2008-08-06,6.96
2008-08-07,5.71
2008-08-08,6.36
2008-08-11,5.3
2008-08-12,5.29
2008-08-13,6.04
2008-08-14,6.34
2008-08-15,6.25
2008-08-18,5.99
2008-08-19,5.0
2008-08-20,5.06
2008-08-21,5.03
2008-08-22,6.03
2008-08-25,4.93
2008-08-26,4.77
2008-08-27,5.46
2008-08-28,5.26
2008-08-29,5.81
2008-09-01,4.98
2008-09-02,5.51
2008-09-03,4.99
2008-09-04,4.93
2008-09-05,5.86
2008-09-08,5.81
2008-09-09,5.24
2008-09-10,4.97
2008-09-11,4.85
2008-09-12,4.98
2008-09-15,6.04
2008-09-16,4.96
2008-09-17,4.88
2008-09-18,4.96
2008-09-19,4.81
2008-09-22,5.38
2008-09-23,5.14
2008-09-24,4.86
2008-09-25,5.41
2008-09-26,5.4
2008-09-29,5.21
2008-09-30,5.97
2008-10-01,5.63
2008-10-02,5.69
2008-10-03,5.27
2008-10-06,6.01
2008-10-07,6.02
2008-10-08,5.2
2008-10-09,4.93
2008-10-10,4.74
2008-10-13,4.97
2008-10-14,5.79
2008-10-15,5.16
2008-10-16,5.95
2008-10-17,6.16
2008-10-20,4.78
2008-10-21,5.24
2008-10-22,5.01
2008-10-23,4.66
2008-10-24,6.09
2008-10-27,5.97
2008-10-28,4.71
2008-10-29,5.03
2008-10-30,6.08
2008-10-31,6.57
2008-11-03,6.1
2008-11-04,6.72
2008-11-05,5.98
2008-11-06,5.05
2008-11-07,5.39
2008-11-10,4.6
2008-11-11,4.7
2008-11-12,5.39
2008-11-13,6.21
2008-11-14,6.41
2008-11-17,6.11
2008-11-18,6.01
2008-11-19,4.66
2008-11-20,4.66
2008-11-21,4.67
2008-11-24,5.4
2008-11-25,6.2
2008-11-26,5.01
2008-11-27,5.45
2008-11-28,5.08
2008-12-01,5.85
2008-12-02,4.69
2008-12-03,5.78
2008-12-04,4.69
2008-12-05,5.34
2008-12-08,5.52
2008-12-09,4.69
2008-12-10,5.16
2008-12-11,5.08
2008-12-12,5.05
2008-12-15,5.06
2008-12-16,5.15
2008-12-17,4.7
2008-12-18,5.06
2008-12-19,5.51
2008-12-22,4.56
2008-12-23,5.06
2008-12-24,5.13
2008-12-26,4.6
2008-12-29,4.93
2008-12-30,4.7
2008-12-31,4.96
2009-01-02,5.18
2009-01-05,4.96
2009-01-06,4.68
2009-01-07,4.65
2009-01-08,5.68
2009-01-09,4.91
2009-01-12,4.65
2009-01-13,4.96
2009-01-14,4.99
2009-01-15,5.74
2009-01-16,4.88
2009-01-19,4.93
2009-01-20,4.76
2009-01-21,5.11
2009-01-22,5.13
2009-01-23,5.2
2009-01-26,4.74
2009-01-27,4.7
2009-01-28,4.37
2009-01-29,4.49
2009-01-30,5.07
2009-02-02,4.41
2009-02-03,5.07
2009-02-04,4.88
2009-02-05,5.07
2009-02-06,5.31
2009-02-09,5.3
2009-02-10,4.68
2009-02-11,4.72
2009-02-12,4.43
2009-02-13,4.78
2009-02-16,4.43
2009-02-17,4.72
2009-02-18,5.16
2009-02-19,4.71
2009-02-20,4.67
2009-02-25,5.01
2009-02-26,4.36
2009-02-27,4.58
2009-03-02,4.81
2009-03-03,4.55
2009-03-04,4.55
2009-03-05,4.59
2009-03-06,4.34
2009-03-09,4.55
2009-03-10,4.91
2009-03-11,4.39
2009-03-12,4.48
2009-03-13,4.39
2009-03-16,4.7
2009-03-17,4.3
2009-03-18,4.47
2009-03-19,4.26
2009-03-20,4.26
2009-03-23,4.17
2009-03-24,4.25
2009-03-25,4.28
2009-03-26,4.46
2009-03-27,4.3
2009-03-30,4.76
2009-03-31,4.19
2009-04-01,4.17
2009-04-02,4.26
2009-04-03,4.26
2009-04-06,4.75
2009-04-07,4.21
2009-04-08,4.65
2009-04-09,4.2
2009-04-13,4.78
2009-04-14,4.75
2009-04-15,4.27
2009-04-16,4.78
2009-04-17,4.22
2009-04-20,4.22
2009-04-22,4.21
2009-04-23,4.6
2009-04-24,4.21
2009-04-27,4.47
2009-04-28,4.21
2009-04-29,4.27
2009-04-30,4.8
2009-05-04,4.22
2009-05-05,4.3
2009-05-06,4.47
2009-05-07,4.13
2009-05-08,4.23
2009-05-11,4.58
2009-05-12,4.26
2009-05-13,4.23
2009-05-14,4.45
2009-05-15,4.1
2009-05-18,4.22
2009-05-19,4.01
2009-05-20,4.27
2009-05-21,4.24
2009-05-22,4.35
2009-05-25,4.27
2009-05-26,4.1
2009-05-27,4.07
2009-05-28,4.54
2009-05-29,4.34
2009-06-01,4.24
2009-06-02,4.39
2009-06-03,4.09
2009-06-04,4.34
2009-06-05,4.24
2009-06-08,4.3
2009-06-09,4.1
2009-06-10,3.98
2009-06-12,4.04
2009-06-15,4.23
2009-06-16,4.11
2009-06-17,4.23
2009-06-18,4.39
2009-06-19,4.05
2009-06-22,4.12
2009-06-23,4.06
2009-06-24,4.05
2009-06-25,4.14
2009-06-26,4.09
2009-06-29,4.2
2009-06-30,4.12
2009-07-01,4.13
2009-07-02,4.12
2009-07-03,4.16
2009-07-06,4.2
2009-07-07,3.97
2009-07-08,4.14
2009-07-09,4.23
2009-07-10,4.16
2009-07-13,4.08
2009-07-14,4.32
2009-07-15,4.12
2009-07-16,4.16
2009-07-17,4.14
2009-07-20,4.3
2009-07-21,4.13
2009-07-22,4.22
2009-07-23,4.14
2009-07-24,3.38
2009-07-27,3.92
2009-07-28,3.5
2009-07-29,3.92
2009-07-30,4.12
2009-07-31,4.04
2009-08-03,3.96
2009-08-04,4.09
2009-08-05,3.09
2009-08-06,4.08
2009-08-07,4.02
2009-08-10,4.03
2009-08-11,4.09
2009-08-12,3.68
2009-08-13,4.08
2009-08-14,3.35
2009-08-17,4.02
2009-08-18,4.06
2009-08-19,4.09
2009-08-20,4.17
2009-08-21,4.15
2009-08-24,3.35
2009-08-25,3.97
2009-08-26,3.54
2009-08-27,4.04
2009-08-28,3.97
2009-08-31,4.01
2009-09-01,4.04
2009-09-02,3.85
2009-09-03,4.07
2009-09-04,3.98
2009-09-08,4.23
2009-09-09,4.09
2009-09-10,4.12
2009-09-11,4.07
2009-09-14,4.13
2009-09-15,4.1
2009-09-16,4.1
2009-09-17,4.0
2009-09-18,4.3
2009-09-21,3.94
2009-09-22,3.82
2009-09-23,4.12
2009-09-24,4.13
2009-09-25,4.21
2009-09-28,4.18
2009-09-29,4.18
2009-09-30,4.21
2009-10-01,4.32
2009-10-02,4.34
2009-10-05,4.16
2009-10-06,4.43
2009-10-07,4.44
2009-10-08,4.15
2009-10-09,3.94
2009-10-13,4.13
2009-10-14,4.31
2009-10-15,3.93
2009-10-16,4.05
2009-10-19,4.34
2009-10-20,4.12
2009-10-21,3.9
2009-10-22,4.05
2009-10-23,4.23
2009-10-26,4.48
2009-10-27,4.27
2009-10-28,4.17
2009-10-29,3.88
2009-10-30,4.04
2009-11-03,3.87
2009-11-04,4.19
2009-11-05,4.25
2009-11-06,4.22
2009-11-09,4.39
2009-11-10,4.35
2009-11-11,4.18
2009-11-12,4.16
2009-11-13,4.32
2009-11-16,4.2
2009-11-17,4.23
2009-11-18,4.35
2009-11-19,4.07
2009-11-20,4.28
2009-11-23,4.26
2009-11-24,4.31
2009-11-25,4.31
2009-11-26,4.43
2009-11-27,4.21
2009-11-30,4.41
2009-12-01,4.33
2009-12-02,4.4
2009-12-03,4.02
2009-12-04,4.34
2009-12-07,4.35
2009-12-08,4.41
2009-12-09,4.3
2009-12-10,4.32
2009-12-11,4.31
2009-12-14,4.39
2009-12-15,4.35
2009-12-16,4.26
2009-12-17,4.18
2009-12-18,4.39
2009-12-21,4.3
2009-12-22,4.13
2009-12-23,4.03
2009-12-24,3.99
2009-12-28,3.99
2009-12-29,4.34
2009-12-30,4.03
2009-12-31,4.35
2010-01-04,4.3
2010-01-05,4.18
2010-01-06,4.39
2010-01-07,4.22
2010-01-08,4.4
2010-01-11,4.5
2010-01-12,4.5
2010-01-13,4.53
2010-01-14,4.47
2010-01-15,4.44
2010-01-18,4.56
2010-01-19,4.5
2010-01-20,4.32
2010-01-21,4.59
2010-01-22,4.54
2010-01-25,4.46
2010-01-26,4.75
2010-01-27,4.75
2010-01-28,4.6
2010-01-29,4.51
2010-02-01,4.51
2010-02-02,4.28
2010-02-03,4.54
2010-02-04,4.25
2010-02-05,4.28
2010-02-08,4.75
2010-02-09,4.58
2010-02-10,4.49
2010-02-11,4.5
2010-02-12,4.65
2010-02-17,4.27
2010-02-18,4.29
2010-02-19,4.59
2010-02-22,4.52
2010-02-23,4.64
2010-02-24,4.8
2010-02-25,4.92
2010-02-26,4.4
2010-03-01,4.69
2010-03-02,4.42
2010-03-03,4.36
2010-03-04,4.82
2010-03-05,4.96
2010-03-08,4.44
2010-03-09,4.52
2010-03-10,4.26
2010-03-11,5.31
2010-03-12,4.8
2010-03-15,5.36
2010-03-16,4.56
2010-03-17,4.52
2010-03-18,4.39
2010-03-19,5.47
2010-03-22,4.62
2010-03-23,4.36
2010-03-24,5.22
2010-03-25,4.44
2010-03-26,5.48
2010-03-29,4.65
2010-03-30,4.72
2010-03-31,4.37
2010-04-01,4.37
2010-04-05,4.72
2010-04-06,4.33
2010-04-07,4.39
2010-04-08,5.0
2010-04-09,5.67
2010-04-12,5.69
2010-04-13,4.21
2010-04-14,4.42
2010-04-15,4.42
2010-04-16,4.42
2010-04-19,4.22
2010-04-20,4.41
2010-04-22,6.38
2010-04-23,4.46
2010-04-26,6.49
2010-04-27,5.72
2010-04-28,4.44
2010-04-29,4.48
2010-04-30,6.53
2010-05-03,5.73
2010-05-04,4.28
2010-05-05,4.36
2010-05-06,4.36
2010-05-07,5.96
2010-05-10,4.39
2010-05-11,4.57
2010-05-12,4.82
2010-05-13,5.87
2010-05-14,5.59
2010-05-17,6.49
2010-05-18,5.83
2010-05-19,6.38
2010-05-20,6.75
2010-05-21,4.81
2010-05-24,4.79
2010-05-25,4.85
2010-05-26,6.19
2010-05-27,6.75
2010-05-28,4.28
2010-05-31,4.21
2010-06-01,6.52
2010-06-02,6.48
2010-06-04,6.76
2010-06-07,4.62
2010-06-08,6.71
2010-06-09,5.62
2010-06-10,6.91
2010-06-11,6.23
2010-06-14,4.21
2010-06-15,5.9
2010-06-16,5.77
2010-06-17,6.3
2010-06-18,6.26
2010-06-21,4.51
2010-06-22,4.7
2010-06-23,5.87
2010-06-24,5.78
2010-06-25,4.62
2010-06-28,5.78
2010-06-29,6.48
2010-06-30,4.43
2010-07-01,5.52
2010-07-02,4.18
2010-07-05,4.71
2010-07-06,4.71
2010-07-07,5.79
2010-07-08,4.5
2010-07-09,4.9
2010-07-12,4.65
2010-07-13,4.98
2010-07-14,4.99
2010-07-15,5.59
2010-07-16,4.51
2010-07-19,5.39
2010-07-20,5.29
2010-07-21,4.55
2010-07-22,5.29
2010-07-23,5.45
2010-07-26,5.35
2010-07-27,5.54
2010-07-28,5.28
2010-07-29,5.54
2010-07-30,4.97
2010-08-02,4.69
2010-08-03,5.31
2010-08-04,5.3
2010-08-05,4.41
2010-08-06,5.48
2010-08-09,5.65
2010-08-10,5.67
2010-08-11,5.67
2010-08-12,5.47
2010-08-13,5.52
2010-08-16,4.95
2010-08-17,4.61
2010-08-18,5.33
2010-08-19,5.34
2010-08-20,4.76
2010-08-23,4.91
2010-08-24,4.97
2010-08-25,5.54
2010-08-26,5.35
2010-08-27,5.53
2010-08-30,5.29
2010-08-31,4.67
2010-09-01,4.59
2010-09-02,4.99
2010-09-03,5.61
2010-09-06,4.46
2010-09-08,4.46
2010-09-09,5.93
2010-09-10,5.2
2010-09-13,5.3
2010-09-14,5.82
2010-09-15,5.09
2010-09-16,5.39
2010-09-17,4.93
2010-09-20,5.79
2010-09-21,5.71
2010-09-22,5.49
2010-09-23,4.92
2010-09-24,5.71
2010-09-27,5.17
2010-09-28,6.11
2010-09-29,5.14
2010-09-30,4.53
2010-10-01,4.69
2010-10-04,5.5
2010-10-05,5.95
2010-10-06,5.01
2010-10-07,5.05
2010-10-08,5.38
2010-10-11,4.98
2010-10-13,4.98
2010-10-14,5.16
2010-10-15,5.13
2010-10-18,4.71
2010-10-19,4.97
2010-10-20,4.8
2010-10-21,5.19
2010-10-22,5.81
2010-10-25,5.02
2010-10-26,4.88
2010-10-27,5.38
2010-10-28,5.28
2010-10-29,4.93
2010-11-01,5.44
2010-11-03,4.98
2010-11-04,4.92
2010-11-05,5.14
2010-11-08,4.99
2010-11-09,4.99
2010-11-10,4.92
2010-11-11,5.52
2010-11-12,5.89
2010-11-16,4.86
2010-11-17,5.84
2010-11-18,5.71
2010-11-19,4.95
2010-11-22,5.98
2010-11-23,5.6
2010-11-24,6.25
2010-11-25,5.72
2010-11-26,5.98
2010-11-29,5.25
2010-11-30,5.2
2010-12-01,5.98
2010-12-02,5.12
2010-12-03,5.79
2010-12-06,6.33
2010-12-07,5.73
2010-12-08,5.56
2010-12-09,5.13
2010-12-10,5.14
2010-12-13,5.91
2010-12-14,5.36
2010-12-15,5.7
2010-12-16,5.56
2010-12-17,4.91
2010-12-20,5.8
2010-12-21,5.75
2010-12-22,4.8
2010-12-23,5.74
2010-12-24,5.82
2010-12-27,5.43
2010-12-28,6.02
2010-12-29,5.81
2010-12-30,4.98
2010-12-31,5.42
2011-01-03,5.32
2011-01-04,5.88
2011-01-05,5.65
2011-01-06,5.65
2011-01-07,5.53
2011-01-10,5.53
2011-01-11,5.52
2011-01-12,5.93
2011-01-13,5.38
2011-01-14,5.69
2011-01-17,5.63
2011-01-18,5.65
2011-01-19,5.3
2011-01-20,5.8
2011-01-21,6.08
2011-01-24,5.67
2011-01-25,5.75
2011-01-26,5.77
2011-01-27,5.37
2011-01-28,6.06
2011-01-31,5.37
2011-02-01,5.9
2011-02-02,5.46
2011-02-03,6.13
2011-02-04,6.09
2011-02-07,5.45
2011-02-08,5.97
2011-02-09,5.92
2011-02-10,5.45
2011-02-11,5.45
2011-02-14,5.32
2011-02-15,6.15
2011-02-16,6.16
2011-02-17,5.6
2011-02-18,6.24
2011-02-21,6.54
2011-02-22,5.38
2011-02-23,5.38
2011-02-24,4.96
2011-02-25,5.88
2011-02-28,5.34
2011-03-01,5.96
2011-03-02,5.38
2011-03-03,5.76
2011-03-04,5.4
2011-03-09,5.67
2011-03-10,5.34
2011-03-11,5.35
2011-03-14,5.33
2011-03-15,4.87
2011-03-16,5.87
2011-03-17,4.87
2011-03-18,5.87
2011-03-21,4.88
2011-03-22,4.95
2011-03-23,5.28
2011-03-24,4.95
2011-03-25,5.34
2011-03-28,5.35
2011-03-29,5.63
2011-03-30,5.83
2011-03-31,5.92
2011-04-01,5.9
2011-04-04,5.92
2011-04-05,6.0
2011-04-06,5.3
2011-04-07,5.4
2011-04-08,5.13
2011-04-11,5.68
2011-04-12,5.73
2011-04-13,5.43
2011-04-14,5.45
2011-04-15,5.59
2011-04-18,5.37
2011-04-19,5.58
2011-04-20,5.65
2011-04-25,5.38
2011-04-26,5.6
2011-04-27,5.63
2011-04-28,4.94
2011-04-29,5.18
2011-05-02,5.6
2011-05-03,5.11
2011-05-04,5.74
2011-05-05,5.08
2011-05-06,4.9
2011-05-09,5.67
2011-05-10,5.45
2011-05-11,5.28
2011-05-12,5.28
2011-05-13,5.08
2011-05-16,5.2
2011-05-17,5.53
2011-05-18,5.08
2011-05-19,4.81
2011-05-20,5.07
2011-05-23,5.02
2011-05-24,5.17
2011-05-25,5.55
2011-05-26,5.01
2011-05-27,5.53
2011-05-30,5.35
2011-05-31,5.37
2011-06-01,4.9
2011-06-02,5.35
2011-06-03,5.28
2011-06-06,5.12
2011-06-07,4.85
2011-06-08,4.9
2011-06-09,4.86
2011-06-10,5.2
2011-06-13,5.02
2011-06-14,5.07
2011-06-15,4.89
2011-06-16,5.1
2011-06-17,5.25
2011-06-20,4.97
2011-06-21,5.1
2011-06-22,4.9
2011-06-24,5.3
2011-06-27,5.06
2011-06-28,5.28
2011-06-29,5.38
2011-06-30,4.79
2011-07-01,5.25
2011-07-04,5.34
2011-07-05,5.13
2011-07-06,4.86
2011-07-07,5.35
2011-07-08,5.34
2011-07-11,5.12
2011-07-12,5.33
2011-07-13,5.15
2011-07-14,5.1
2011-07-15,5.27
2011-07-18,5.26
2011-07-19,5.38
2011-07-20,5.38
2011-07-21,5.51
2011-07-22,5.35
2011-07-25,5.16
2011-07-26,5.52
2011-07-27,5.33
2011-07-28,5.27
2011-07-29,5.29
2011-08-01,5.18
2011-08-02,5.47
2011-08-03,5.29
2011-08-04,5.48
2011-08-05,5.48
2011-08-08,4.95
2011-08-09,5.35
2011-08-10,5.49
2011-08-11,5.25
2011-08-12,5.25
2011-08-15,5.58
2011-08-16,5.14
2011-08-17,5.29
2011-08-18,5.26
2011-08-19,5.51
2011-08-22,5.1
2011-08-23,5.45
2011-08-24,5.67
2011-08-25,5.33
2011-08-26,5.37
2011-08-29,5.47
2011-08-30,5.24
2011-08-31,5.45
2011-09-01,5.04
2011-09-02,5.24
2011-09-05,5.19
2011-09-06,5.19
2011-09-08,5.42
2011-09-09,5.49
2011-09-12,5.78
2011-09-13,5.41
2011-09-14,5.22
2011-09-15,5.74
2011-09-16,5.43
2011-09-19,5.61
2011-09-20,5.72
2011-09-21,5.72
2011-09-22,5.69
2011-09-23,5.76
2011-09-26,5.51
2011-09-27,5.36
2011-09-28,5.67
2011-09-29,5.56
2011-09-30,5.3
2011-10-03,5.22
2011-10-04,5.59
2011-10-05,5.43
2011-10-06,5.72
2011-10-07,5.26
2011-10-10,5.69
2011-10-11,5.48
2011-10-13,5.46
2011-10-14,5.36
2011-10-17,5.42
2011-10-18,5.33
2011-10-19,5.65
2011-10-20,5.6
2011-10-21,5.72
2011-10-24,5.34
2011-10-25,5.38
2011-10-26,5.38
2011-10-27,5.11
2011-10-28,5.72
2011-10-31,5.33
2011-11-01,5.27
2011-11-03,5.61
2011-11-04,5.66
2011-11-07,5.69
2011-11-08,5.33
2011-11-09,5.75
2011-11-10,5.2
2011-11-11,5.62
2011-11-14,5.28
2011-11-16,5.32
2011-11-17,5.34
2011-11-18,5.57
2011-11-21,5.77
2011-11-22,5.77
2011-11-23,5.35
2011-11-24,5.45
2011-11-25,5.78
2011-11-28,5.16
2011-11-29,5.34
2011-11-30,5.45
2011-12-01,5.34
2011-12-02,5.77
2011-12-05,5.36
2011-12-06,5.38
2011-12-07,5.49
2011-12-08,5.45
2011-12-09,5.71
2011-12-12,5.45
2011-12-13,5.47
2011-12-14,5.28
2011-12-15,5.03
2011-12-16,4.69
2011-12-19,5.64
2011-12-20,4.86
2011-12-21,5.5
2011-12-22,4.86
2011-12-23,4.91
2011-12-26,4.88
2011-12-27,5.4
2011-12-28,4.7
2011-12-29,5.33
2011-12-30,4.91
2012-01-02,4.88
2012-01-03,5.38
2012-01-04,5.44
2012-01-05,5.0
2012-01-06,4.87
2012-01-09,5.36
2012-01-10,5.4
2012-01-11,5.02
2012-01-12,4.86
2012-01-13,5.0
2012-01-16,5.29
2012-01-17,5.3
2012-01-18,5.26
2012-01-19,5.29
2012-01-20,5.16
2012-01-23,5.0
2012-01-24,5.3
2012-01-25,5.27
2012-01-26,5.03
2012-01-27,5.01
2012-01-30,4.58
2012-01-31,5.22
2012-02-01,5.32
2012-02-02,4.58
2012-02-03,4.58
2012-02-06,4.56
2012-02-07,5.12
2012-02-08,5.12
2012-02-09,4.89
2012-02-10,5.37
2012-02-13,4.82
2012-02-14,4.53
2012-02-15,5.29
2012-02-16,5.2
2012-02-17,4.78
2012-02-22,5.0
2012-02-23,4.93
2012-02-24,5.04
2012-02-27,5.33
2012-02-28,4.66
2012-02-29,5.3
2012-03-01,4.66
2012-03-02,4.97
2012-03-05,5.16
2012-03-06,5.34
2012-03-07,5.33
2012-03-08,5.29
2012-03-09,5.3
2012-03-12,5.06
2012-03-13,5.17
2012-03-14,5.09
2012-03-15,5.39
2012-03-16,5.01
2012-03-19,5.3
2012-03-20,5.14
2012-03-21,5.2
2012-03-22,5.14
2012-03-23,5.41
2012-03-26,5.41
2012-03-27,5.27
2012-03-28,5.0
2012-03-29,5.09
2012-03-30,5.26
2012-04-02,5.37
2012-04-03,4.91
2012-04-04,5.15
2012-04-05,5.25
2012-04-09,5.26
2012-04-10,5.45
2012-04-11,5.43
2012-04-12,5.26
2012-04-13,5.24
2012-04-16,5.16
2012-04-17,5.08
2012-04-18,5.01
2012-04-19,5.42
2012-04-20,5.48
2012-04-23,5.2
2012-04-24,5.2
2012-04-25,5.55
2012-04-26,5.16
2012-04-27,5.58
2012-04-30,5.27
2012-05-02,4.96
2012-05-03,5.35
2012-05-04,5.39
2012-05-07,5.53
2012-05-08,5.35
2012-05-09,5.38
2012-05-10,5.74
2012-05-11,5.14
2012-05-14,5.53
2012-05-15,5.5
2012-05-16,5.75
2012-05-17,5.2
2012-05-18,5.38
2012-05-21,5.62
2012-05-22,5.2
2012-05-23,5.4
2012-05-24,5.32
2012-05-25,5.78
2012-05-28,5.37
2012-05-29,5.33
2012-05-30,5.37
2012-05-31,5.36
2012-06-01,5.14
2012-06-04,5.36
2012-06-05,5.27
2012-06-06,5.32
2012-06-08,5.23
2012-06-11,5.5
2012-06-12,5.18
2012-06-13,5.38
2012-06-14,5.16
2012-06-15,5.29
2012-06-18,5.2
2012-06-19,5.29
2012-06-20,5.28
2012-06-21,5.3
2012-06-22,5.48
2012-06-25,5.28
2012-06-26,5.29
2012-06-27,5.39
2012-06-28,5.3
2012-06-29,5.18
2012-07-02,5.24
2012-07-03,5.52
2012-07-04,5.26
2012-07-05,5.28
2012-07-06,5.17
2012-07-09,5.31
2012-07-10,5.77
2012-07-11,5.57
2012-07-12,5.24
2012-07-13,5.17
2012-07-16,5.8
2012-07-17,6.12
2012-07-18,5.33
2012-07-19,5.43
2012-07-20,6.93
2012-07-23,5.28
2012-07-24,5.21
2012-07-25,5.19
2012-07-26,5.29
2012-07-27,5.2
2012-07-30,5.31
2012-07-31,5.56
2012-08-01,6.13
2012-08-02,5.16
2012-08-03,5.56
2012-08-06,5.32
2012-08-07,5.36
2012-08-08,6.73
2012-08-09,5.43
2012-08-10,5.21
2012-08-13,5.7
2012-08-14,5.36
2012-08-15,6.09
2012-08-16,5.38
2012-08-17,5.57
2012-08-20,5.68
2012-08-21,5.86
2012-08-22,5.37
2012-08-23,5.39
2012-08-24,6.38
2012-08-27,7.06
2012-08-28,5.84
2012-08-29,6.96
2012-08-30,5.41
2012-08-31,5.38
2012-09-03,5.1
2012-09-04,5.38
2012-09-05,5.05
2012-09-06,5.4
2012-09-10,5.62
2012-09-11,5.43
2012-09-12,5.6
2012-09-13,5.46
2012-09-14,5.46
2012-09-17,5.62
2012-09-18,6.13
2012-09-19,5.6
2012-09-20,5.59
2012-09-21,5.57
2012-09-24,6.13
2012-09-25,5.52
2012-09-26,5.7
2012-09-27,6.34
2012-09-28,5.52
2012-10-01,5.44
2012-10-02,5.53
2012-10-03,5.29
2012-10-04,5.43
2012-10-05,5.24
2012-10-08,5.5
2012-10-09,5.12
2012-10-10,5.47
2012-10-11,5.11
2012-10-15,5.43
2012-10-16,5.36
2012-10-17,5.43
2012-10-18,5.49
2012-10-19,5.4
2012-10-22,5.42
2012-10-23,4.92
2012-10-24,5.34
2012-10-25,4.8
2012-10-26,4.8
2012-10-29,5.4
2012-10-30,5.38
2012-10-31,4.98
2012-11-01,4.93
2012-11-05,5.46
2012-11-06,4.7
2012-11-07,5.36
2012-11-08,4.72
2012-11-09,5.34
2012-11-12,4.7
2012-11-13,5.34
2012-11-14,5.34
2012-11-16,5.37
2012-11-19,4.75
2012-11-20,5.34
2012-11-21,5.36
2012-11-22,4.95
2012-11-23,4.74
2012-11-26,5.37
2012-11-27,5.0
2012-11-28,5.02
2012-11-29,5.38
2012-11-30,5.3
2012-12-03,5.28
2012-12-04,5.35
2012-12-05,5.22
2012-12-06,5.22
2012-12-07,5.69
2012-12-10,5.33
2012-12-11,5.33
2012-12-12,5.33
2012-12-13,5.43
2012-12-14,5.02
2012-12-17,5.04
2012-12-18,5.42
2012-12-19,5.77
2012-12-20,5.32
2012-12-21,5.0
2012-12-24,5.55
2012-12-26,5.96
2012-12-27,5.61
2012-12-28,5.44
2012-12-31,5.64
2013-01-02,5.47
2013-01-03,5.46
2013-01-04,5.4
2013-01-07,5.48
2013-01-08,5.23
2013-01-09,4.85
2013-01-10,5.54
2013-01-11,5.86
2013-01-14,5.33
2013-01-15,5.38
2013-01-16,4.76
2013-01-17,5.32
2013-01-18,5.17
2013-01-21,5.58
2013-01-22,5.67
2013-01-23,5.53
2013-01-24,4.96
2013-01-25,4.67
2013-01-28,5.28
2013-01-29,5.32
2013-01-30,5.33
2013-01-31,5.34
2013-02-01,5.4
2013-02-04,5.16
2013-02-05,5.51
2013-02-06,5.7
2013-02-07,4.96
2013-02-08,4.96
2013-02-13,5.46
2013-02-14,5.46
2013-02-15,5.15
2013-02-18,5.41
2013-02-19,5.57
2013-02-20,5.46
2013-02-21,5.53
2013-02-22,5.41
2013-02-25,5.83
2013-02-26,5.42
2013-02-27,5.51
2013-02-28,5.47
2013-03-01,5.51
2013-03-04,4.98
2013-03-05,5.6
2013-03-06,4.97
2013-03-07,5.4
2013-03-08,5.41
2013-03-11,5.41
2013-03-12,5.38
2013-03-13,5.45
2013-03-14,5.38
2013-03-15,5.46
2013-03-18,5.38
2013-03-19,5.48
2013-03-20,5.36
2013-03-21,5.52
2013-03-22,5.84
2013-03-25,5.43
2013-03-26,5.36
2013-03-27,5.38
2013-03-28,5.43
2013-04-01,5.93
2013-04-02,5.48
2013-04-03,5.49
2013-04-04,5.57
2013-04-05,5.35
2013-04-08,5.42
2013-04-09,5.14
2013-04-10,5.65
2013-04-11,5.74
2013-04-12,5.37
2013-04-15,5.45
2013-04-16,5.63
2013-04-17,5.36
2013-04-18,5.31
2013-04-19,5.38
2013-04-22,5.17
2013-04-23,5.54
2013-04-24,5.47
2013-04-25,5.39
2013-04-26,5.49
2013-04-29,5.47
2013-04-30,5.26
2013-05-02,5.56
2013-05-03,5.59
2013-05-06,5.5
2013-05-07,5.36
2013-05-08,5.06
2013-05-09,5.58
2013-05-10,5.05
2013-05-13,5.52
2013-05-14,5.04
2013-05-15,5.6
2013-05-16,5.24
2013-05-17,5.46
2013-05-20,5.49
2013-05-21,5.44
2013-05-22,5.37
2013-05-23,5.21
2013-05-24,5.57
2013-05-27,5.55
2013-05-28,5.77
2013-05-29,5.44
2013-05-31,5.55
2013-06-03,5.59
2013-06-04,5.56
2013-06-05,5.19
2013-06-06,5.45
2013-06-07,5.44
2013-06-10,5.61
2013-06-11,5.43
2013-06-12,5.52
2013-06-13,5.12
2013-06-14,5.17
2013-06-17,5.8
2013-06-18,5.41
2013-06-19,5.67
2013-06-20,5.65
2013-06-21,5.75
2013-06-24,5.66
2013-06-25,5.66
2013-06-26,5.46
2013-06-27,5.84
2013-06-28,5.65
2013-07-01,4.98
2013-07-02,5.77
2013-07-03,4.98
2013-07-04,5.64
2013-07-05,5.71
2013-07-08,5.66
2013-07-09,5.92
2013-07-10,6.07
2013-07-11,6.07
2013-07-12,5.51
2013-07-15,5.92
2013-07-16,6.53
2013-07-17,6.08
2013-07-18,5.8
2013-07-19,5.75
2013-07-22,5.68
2013-07-23,5.71
2013-07-24,6.02
2013-07-25,4.96
2013-07-26,4.96
2013-07-29,5.94
2013-07-30,5.59
2013-07-31,5.65
2013-08-01,5.9
2013-08-02,6.14
2013-08-05,5.84
2013-08-06,5.67
2013-08-07,6.15
2013-08-08,5.84
2013-08-09,5.76
2013-08-12,5.53
2013-08-13,5.75
2013-08-14,5.8
2013-08-15,5.95
2013-08-16,5.98
2013-08-19,5.65
2013-08-20,5.98
2013-08-21,6.22
2013-08-22,5.69
2013-08-23,5.6
2013-08-26,5.85
2013-08-27,5.77
2013-08-28,6.02
2013-08-29,6.04
2013-08-30,5.84
2013-09-02,6.22
2013-09-03,5.39
2013-09-04,5.76
2013-09-05,5.9
2013-09-06,6.13
2013-09-09,6.01
2013-09-10,6.21
2013-09-11,6.24
2013-09-12,6.48
2013-09-13,6.12
2013-09-16,6.39
2013-09-17,6.65
2013-09-18,6.27
2013-09-19,6.33
2013-09-20,5.42
2013-09-23,6.13
2013-09-24,6.83
2013-09-25,6.48
2013-09-26,6.17
2013-09-27,6.91
2013-09-30,6.19
2013-10-01,5.91
2013-10-02,5.88
2013-10-03,6.25
2013-10-04,5.91
2013-10-07,5.98
2013-10-08,5.91
2013-10-09,6.26
2013-10-10,6.22
2013-10-11,5.94
2013-10-14,6.26
2013-10-15,5.25
2013-10-16,6.28
2013-10-17,6.02
2013-10-18,6.28
2013-10-21,6.22
2013-10-22,6.36
2013-10-23,6.15
2013-10-24,6.24
2013-10-25,6.28
2013-10-28,6.2
2013-10-29,6.7
2013-10-30,6.19
2013-10-31,5.38
2013-11-01,6.03
2013-11-04,6.22
2013-11-05,6.16
2013-11-06,6.17
2013-11-07,6.21
2013-11-08,5.4
2013-11-11,5.85
2013-11-12,5.4
2013-11-13,5.91
2013-11-14,5.97
2013-11-18,6.08
2013-11-19,6.03
2013-11-20,5.45
2013-11-21,5.46
2013-11-22,5.9
2013-11-25,6.06
2013-11-26,6.04
2013-11-27,6.16
2013-11-28,6.01
2013-11-29,5.91
2013-12-02,6.07
2013-12-03,5.4
2013-12-04,6.01
2013-12-05,5.9
2013-12-06,5.9
2013-12-09,6.05
2013-12-10,6.06
2013-12-11,6.08
2013-12-12,6.01
2013-12-13,5.96
2013-12-16,6.06
2013-12-17,5.93
2013-12-18,6.07
2013-12-19,6.05
2013-12-20,5.68
2013-12-23,5.92
2013-12-24,6.08
2013-12-26,5.46
2013-12-27,6.09
2013-12-30,5.87
2013-12-31,6.01
2014-01-02,5.94
2014-01-03,5.4
2014-01-06,5.89
2014-01-07,6.13
2014-01-08,6.16
2014-01-09,6.06
2014-01-10,6.05
2014-01-13,5.91
2014-01-14,5.85
2014-01-15,6.13
2014-01-16,6.12
2014-01-17,5.95
2014-01-20,5.94
2014-01-21,5.9
2014-01-22,6.01
2014-01-23,6.06
2014-01-24,6.02
2014-01-27,6.04
2014-01-28,5.45
2014-01-29,5.06
2014-01-30,5.96
2014-01-31,5.95
2014-02-03,5.99
2014-02-04,6.06
2014-02-05,5.98
2014-02-06,5.43
2014-02-07,5.9
2014-02-10,6.08
2014-02-11,5.96
2014-02-12,6.06
2014-02-13,6.06
2014-02-14,5.94
2014-02-17,6.15
2014-02-18,6.04
2014-02-19,6.07
2014-02-20,6.05
2014-02-21,6.13
2014-02-24,6.13
2014-02-25,6.12
2014-02-26,6.12
2014-02-27,6.13
2014-02-28,6.17
2014-03-05,6.08
2014-03-06,6.19
2014-03-07,5.76
2014-03-10,5.54
2014-03-11,6.36
2014-03-12,5.47
2014-03-13,6.31
2014-03-14,6.43
2014-03-17,6.17
2014-03-18,6.88
2014-03-19,6.37
2014-03-20,6.8
2014-03-21,6.54
2014-03-24,7.51
2014-03-25,6.71
2014-03-26,5.97
2014-03-27,6.4
2014-03-28,6.05
2014-03-31,6.32
2014-04-01,5.73
2014-04-02,5.52
2014-04-03,5.97
2014-04-04,6.07
2014-04-07,5.51
2014-04-08,5.52
2014-04-09,6.27
2014-04-10,5.51
2014-04-11,6.06
2014-04-14,6.18
2014-04-15,5.91
2014-04-16,6.03
2014-04-17,5.95
2014-04-22,6.38
2014-04-23,5.52
2014-04-24,6.11
2014-04-25,5.73
2014-04-28,5.93
2014-04-29,5.85
2014-04-30,5.95
2014-05-02,5.75
2014-05-05,5.76
2014-05-06,5.99
2014-05-07,5.93
2014-05-08,6.17
2014-05-09,5.74
2014-05-12,5.17
2014-05-13,5.69
2014-05-14,5.43
2014-05-15,5.88
2014-05-16,5.83
2014-05-19,5.43
2014-05-20,5.96
2014-05-21,5.58
2014-05-22,5.9
2014-05-23,5.23
2014-05-26,5.81
2014-05-27,6.01
2014-05-28,5.62
2014-05-29,5.82
2014-05-30,5.62
2014-06-02,6.0
2014-06-03,6.0
2014-06-04,5.16
2014-06-05,4.98
2014-06-06,5.85
2014-06-09,5.83
2014-06-10,5.85
2014-06-11,5.85
2014-06-12,5.94
2014-06-13,5.58
2014-06-16,5.47
2014-06-17,5.93
2014-06-18,5.01
2014-06-20,5.7
2014-06-23,5.45
2014-06-24,5.73
2014-06-25,5.89
2014-06-26,5.74
2014-06-27,5.91
2014-06-30,5.96
2014-07-01,4.93
2014-07-02,5.85
2014-07-03,5.81
2014-07-04,5.2
2014-07-07,5.98
2014-07-08,4.92
2014-07-09,5.54
2014-07-10,5.96
2014-07-11,5.54
2014-07-14,5.17
2014-07-15,5.56
2014-07-16,5.07
2014-07-17,5.77
2014-07-18,5.95
2014-07-21,4.88
2014-07-22,4.88
2014-07-23,5.85
2014-07-24,5.82
2014-07-25,5.8
2014-07-28,4.8
2014-07-29,4.8
2014-07-30,5.67
2014-07-31,5.43
2014-08-01,4.8
2014-08-04,5.74
2014-08-05,5.69
2014-08-06,5.92
2014-08-07,5.33
2014-08-08,5.76
2014-08-11,5.39
2014-08-12,6.22
2014-08-13,6.07
2014-08-14,6.22
2014-08-15,5.07
2014-08-18,5.46
2014-08-19,6.14
2014-08-20,4.92
2014-08-21,5.41
2014-08-22,5.93
2014-08-25,5.99
2014-08-26,4.96
2014-08-27,6.23
2014-08-28,5.99
2014-08-29,6.01
2014-09-01,6.24
2014-09-02,6.31
2014-09-03,5.29
2014-09-04,5.29
2014-09-05,5.11
2014-09-08,6.25
2014-09-09,6.14
2014-09-10,6.29
2014-09-11,5.53
2014-09-12,6.21
2014-09-15,6.0
2014-09-16,5.36
2014-09-17,5.99
2014-09-18,5.44
2014-09-19,6.32
2014-09-22,5.45
2014-09-23,6.04
2014-09-24,5.45
2014-09-25,6.08
2014-09-26,6.33
2014-09-29,5.5
2014-09-30,5.67
2014-10-01,6.01
2014-10-02,5.52
2014-10-03,6.38
2014-10-06,5.55
2014-10-07,6.43
2014-10-08,5.43
2014-10-09,6.17
2014-10-10,6.17
2014-10-13,6.37
2014-10-14,6.32
2014-10-15,6.39
2014-10-16,5.95
2014-10-17,5.93
2014-10-20,6.36
2014-10-21,5.96
2014-10-22,6.39
2014-10-23,5.96
2014-10-24,5.27
2014-10-27,5.89
2014-10-28,6.49
2014-10-29,6.35
2014-10-30,6.41
2014-10-31,5.42
2014-11-03,6.38
2014-11-04,6.5
2014-11-05,5.38
2014-11-06,5.38
2014-11-07,5.96
2014-11-10,5.96
2014-11-11,5.81
2014-11-12,5.87
2014-11-13,6.43
2014-11-14,5.96
2014-11-17,5.48
2014-11-18,6.4
2014-11-19,6.12
2014-11-20,6.09
2014-11-21,6.61
2014-11-24,6.59
2014-11-25,6.56
2014-11-26,6.58
2014-11-27,6.04
2014-11-28,6.55
2014-12-01,6.04
2014-12-02,6.59
2014-12-03,5.39
2014-12-04,6.17
2014-12-05,6.17
2014-12-08,6.46
2014-12-09,6.64
2014-12-10,6.33
2014-12-11,6.66
2014-12-12,6.63
2014-12-15,6.91
2014-12-16,6.45
2014-12-17,5.28
2014-12-18,5.84
2014-12-19,6.62
2014-12-22,5.85
2014-12-23,6.69
2014-12-24,6.85
2014-12-26,6.59
2014-12-29,6.56
2014-12-30,5.79
2014-12-31,5.21
2015-01-02,6.68
2015-01-05,5.37
2015-01-06,5.8
2015-01-07,5.72
2015-01-08,6.73
2015-01-09,5.75
2015-01-12,5.52
2015-01-13,6.3
2015-01-14,5.67
2015-01-15,6.3
2015-01-16,5.6
2015-01-19,5.64
2015-01-20,6.45
2015-01-21,6.81
2015-01-22,6.7
2015-01-23,6.34
2015-01-26,5.65
2015-01-27,5.46
2015-01-28,6.6
2015-01-29,5.4
2015-01-30,6.61
2015-02-02,5.93
2015-02-03,5.69
2015-02-04,6.59
2015-02-05,6.28
2015-02-06,5.6
2015-02-09,5.38
2015-02-10,6.56
2015-02-11,6.55
2015-02-12,6.13
2015-02-13,5.91
2015-02-18,6.23
2015-02-19,6.75
2015-02-20,5.64
2015-02-23,6.87
2015-02-24,5.74
2015-02-25,6.9
2015-02-26,6.56
2015-02-27,5.75
2015-03-02,6.38
2015-03-03,7.06
2015-03-04,6.41
2015-03-05,7.13
2015-03-06,6.53
2015-03-09,5.36
2015-03-10,6.52
2015-03-11,6.21
2015-03-12,6.18
2015-03-13,6.58
2015-03-16,6.51
2015-03-17,7.33
2015-03-18,5.91
2015-03-19,6.9
2015-03-20,7.45
2015-03-23,7.98
2015-03-24,6.17
2015-03-25,7.43
2015-03-26,5.82
2015-03-27,5.33
2015-03-30,6.22
2015-03-31,5.82
2015-04-01,6.49
2015-04-02,5.85
2015-04-06,6.49
2015-04-07,5.82
2015-04-08,6.0
2015-04-09,6.67
2015-04-10,7.23
2015-04-13,6.14
2015-04-14,5.89
2015-04-15,5.63
2015-04-16,5.67
2015-04-17,5.83
2015-04-20,6.3
2015-04-22,5.62
2015-04-23,6.89
2015-04-24,6.23
2015-04-27,5.59
2015-04-28,6.13
2015-04-29,5.58
2015-04-30,5.64
2015-05-04,6.16
2015-05-05,5.56
2015-05-06,5.9
2015-05-07,5.76
2015-05-08,6.11
2015-05-11,5.71
2015-05-12,5.7
2015-05-13,4.85
2015-05-14,5.57
2015-05-15,6.0
2015-05-18,5.03
2015-05-19,6.2
2015-05-20,5.54
2015-05-21,5.0
2015-05-22,6.02
2015-05-25,5.66
2015-05-26,6.11
2015-05-27,5.65
2015-05-28,5.96
2015-05-29,5.96
2015-06-01,4.7
2015-06-02,4.7
2015-06-03,5.63
2015-06-05,5.49
2015-06-08,5.97
2015-06-09,6.21
2015-06-10,6.16
2015-06-11,5.47
2015-06-12,5.66
2015-06-15,5.7
2015-06-16,6.17
2015-06-17,5.96
2015-06-18,5.74
2015-06-19,5.79
2015-06-22,6.1
2015-06-23,6.46
2015-06-24,5.78
2015-06-25,6.0
2015-06-26,5.82
2015-06-29,5.94
2015-06-30,5.93
2015-07-01,5.91
2015-07-02,6.56
2015-07-03,5.89
2015-07-06,5.95
2015-07-07,6.49
2015-07-08,5.93
2015-07-09,5.76
2015-07-10,5.87
2015-07-13,6.06
2015-07-14,6.0
2015-07-15,5.39
2015-07-16,6.96
2015-07-17,4.91
2015-07-20,6.96
2015-07-21,5.95
2015-07-22,4.97
2015-07-23,5.59
2015-07-24,6.42
2015-07-27,5.67
2015-07-28,5.48
2015-07-29,6.64
2015-07-30,5.46
2015-07-31,5.67
2015-08-03,5.65
2015-08-04,5.21
2015-08-05,5.21
2015-08-06,6.83
2015-08-07,5.59
2015-08-10,6.1
2015-08-11,5.31
2015-08-12,5.65
2015-08-13,5.48
2015-08-14,6.12
2015-08-17,5.73
2015-08-18,5.18
2015-08-19,6.06
2015-08-20,6.06
2015-08-21,5.6
2015-08-24,5.06
2015-08-25,5.15
2015-08-26,5.64
2015-08-27,5.06
2015-08-28,5.54
2015-08-31,5.62
2015-09-01,5.81
2015-09-02,6.17
2015-09-03,5.2
2015-09-04,6.99
2015-09-08,5.13
2015-09-09,5.72
2015-09-10,5.8
2015-09-11,5.15
2015-09-14,7.02
2015-09-15,5.79
2015-09-16,5.98
2015-09-17,5.35
2015-09-18,5.82
2015-09-21,6.01
2015-09-22,6.11
2015-09-23,6.9
2015-09-24,7.76
2015-09-25,6.04
2015-09-28,6.14
2015-09-29,6.01
2015-09-30,5.97
2015-10-01,5.25
2015-10-02,7.52
2015-10-05,5.85
2015-10-06,7.57
2015-10-07,7.05
2015-10-08,6.16
2015-10-09,7.33
2015-10-13,5.38
2015-10-14,6.25
2015-10-15,6.71
2015-10-16,7.36
2015-10-19,7.4
2015-10-20,5.29
2015-10-21,6.52
2015-10-22,6.86
2015-10-23,7.81
2015-10-26,8.39
2015-10-27,7.81
2015-10-28,6.1
2015-10-29,6.78
2015-10-30,5.22
2015-11-03,6.76
2015-11-04,6.41
2015-11-05,8.07
2015-11-06,6.82
2015-11-09,6.99
2015-11-10,7.29
2015-11-11,7.29
2015-11-12,6.99
2015-11-13,7.12
2015-11-16,7.29
2015-11-17,6.58
2015-11-18,7.11
2015-11-19,6.71
2015-11-20,5.62
2015-11-23,5.61
2015-11-24,5.61
2015-11-25,5.68
2015-11-26,5.85
2015-11-27,7.1
2015-11-30,6.64
2015-12-01,6.54
2015-12-02,6.22
2015-12-03,5.38
2015-12-04,5.38
2015-12-07,6.64
2015-12-08,6.59
2015-12-09,6.86
2015-12-10,7.03
2015-12-11,6.4
2015-12-14,6.45
2015-12-15,5.38
2015-12-16,6.59
2015-12-17,7.11
2015-12-18,6.52
2015-12-21,6.53
2015-12-22,6.15
2015-12-23,6.14
2015-12-24,6.32
2015-12-28,6.62
2015-12-29,5.61
2015-12-30,6.27
2015-12-31,6.59
2016-01-04,7.41
2016-01-05,6.49
2016-01-06,6.89
2016-01-07,6.54
2016-01-08,7.0
2016-01-11,6.19
2016-01-12,6.41
2016-01-13,6.81
2016-01-14,6.9
2016-01-15,6.83
2016-01-18,6.68
2016-01-19,7.01
2016-01-20,6.89
2016-01-21,6.6
2016-01-22,6.91
2016-01-25,6.85
2016-01-26,6.44
2016-01-27,6.84
2016-01-28,5.68
2016-01-29,7.25
2016-02-01,6.46
2016-02-02,6.47
2016-02-03,5.64
2016-02-04,7.3
2016-02-05,7.14
2016-02-10,6.74
2016-02-11,6.43
2016-02-12,7.04
2016-02-15,6.83
2016-02-16,5.71
2016-02-17,6.71
2016-02-18,6.68
2016-02-19,6.84
2016-02-22,6.84
2016-02-23,7.14
2016-02-24,6.99
2016-02-25,7.12
2016-02-26,6.7
2016-02-29,5.99
2016-03-01,6.85
2016-03-02,6.28
2016-03-03,6.75
2016-03-04,6.7
2016-03-07,6.37
2016-03-08,5.94
2016-03-09,6.06
2016-03-10,6.3
2016-03-11,6.4
2016-03-14,6.72
2016-03-15,6.06
2016-03-16,6.33
2016-03-17,6.43
2016-03-18,6.48
2016-03-21,6.17
2016-03-22,5.96
2016-03-23,6.0
2016-03-24,5.63
2016-03-28,6.06
2016-03-29,6.06
2016-03-30,5.76
2016-03-31,6.47
2016-04-01,6.64
2016-04-04,6.64
2016-04-05,6.11
2016-04-06,6.55
2016-04-07,6.47
2016-04-08,6.51
2016-04-11,6.08
2016-04-12,5.72
2016-04-13,5.72
2016-04-14,5.63
2016-04-15,5.71
2016-04-18,6.39
2016-04-19,5.61
2016-04-20,5.9
2016-04-22,5.75
2016-04-25,5.91
2016-04-26,6.14
2016-04-27,5.83
2016-04-28,6.2
2016-04-29,5.46
2016-05-02,5.32
2016-05-03,5.84
2016-05-04,5.32
2016-05-05,5.39
2016-05-06,6.15
2016-05-09,6.08
2016-05-10,5.91
2016-05-11,5.89
2016-05-12,6.25
2016-05-13,5.81
2016-05-16,5.41
2016-05-17,5.64
2016-05-18,5.38
2016-05-19,5.8
2016-05-20,6.82
2016-05-23,6.16
2016-05-24,5.92
2016-05-25,6.07
2016-05-27,5.96
2016-05-30,5.33
2016-05-31,6.7
2016-06-01,5.64
2016-06-02,6.4
2016-06-03,5.67
2016-06-06,6.24
2016-06-07,5.89
2016-06-08,5.33
2016-06-09,5.81
2016-06-10,5.7
2016-06-13,5.78
2016-06-14,6.53
2016-06-15,6.03
2016-06-16,6.05
2016-06-17,6.06
2016-06-20,5.35
2016-06-21,5.9
2016-06-22,5.87
2016-06-23,5.8
2016-06-24,5.54
2016-06-27,6.1
2016-06-28,5.39
2016-06-29,5.91
2016-06-30,5.96
2016-07-01,5.92
2016-07-04,5.79
2016-07-05,5.69
2016-07-06,5.33
2016-07-07,5.59
2016-07-08,5.83
2016-07-11,5.65
2016-07-12,5.33
2016-07-13,5.5
2016-07-14,5.66
2016-07-15,6.06
2016-07-18,5.68
2016-07-19,5.3
2016-07-20,5.85
2016-07-21,4.8
2016-07-22,5.14
2016-07-25,5.34
2016-07-26,5.72
2016-07-27,5.11
2016-07-28,5.38
2016-07-29,5.68
2016-08-01,5.5
2016-08-02,5.24
2016-08-03,5.32
2016-08-04,5.53
2016-08-05,5.24
2016-08-08,5.81
2016-08-09,4.72
2016-08-10,4.49
2016-08-11,5.25
2016-08-12,5.42
2016-08-15,5.38
2016-08-16,5.23
2016-08-17,4.54
2016-08-18,5.32
2016-08-19,4.91
2016-08-22,4.91
2016-08-23,5.38
2016-08-24,5.01
2016-08-25,4.97
2016-08-26,4.99
2016-08-29,5.29
2016-08-30,5.12
2016-08-31,5.28
2016-09-01,5.09
2016-09-02,5.35
2016-09-05,4.8
2016-09-06,5.28
2016-09-08,5.01
2016-09-09,5.19
2016-09-12,5.33
2016-09-13,5.21
2016-09-14,5.05
2016-09-15,5.82
2016-09-16,5.33
2016-09-19,5.17
2016-09-20,5.19
2016-09-21,5.69
2016-09-22,5.43
2016-09-23,5.14
2016-09-26,5.2
2016-09-27,5.14
2016-09-28,5.17
2016-09-29,5.9
2016-09-30,5.39
2016-10-03,4.9
2016-10-04,5.0
2016-10-05,4.92
2016-10-06,5.0
2016-10-07,5.16
2016-10-10,4.88
2016-10-11,5.08
2016-10-13,5.08
2016-10-14,4.79
2016-10-17,5.21
2016-10-18,4.92
2016-10-19,5.42
2016-10-20,5.4
2016-10-21,4.91
2016-10-24,4.91
2016-10-25,5.21
2016-10-26,5.36
2016-10-27,5.25
2016-10-28,4.98
2016-10-31,5.42
2016-11-01,5.43
2016-11-03,5.2
2016-11-04,5.22
2016-11-07,4.91
2016-11-08,5.09
2016-11-09,4.98
2016-11-10,5.05
2016-11-11,5.33
2016-11-14,4.97
2016-11-16,5.42
2016-11-17,4.87
2016-11-18,5.43
2016-11-21,4.9
2016-11-22,5.09
2016-11-23,5.1
2016-11-24,5.08
2016-11-25,5.1
2016-11-28,5.14
2016-11-29,4.65
2016-11-30,5.06
2016-12-01,4.79
2016-12-02,4.9
2016-12-05,5.19
2016-12-06,4.88
2016-12-07,4.9
2016-12-08,5.41
2016-12-09,5.02
2016-12-12,5.19
2016-12-13,4.87
2016-12-14,5.02
2016-12-15,5.44
2016-12-16,4.84
2016-12-19,5.12
2016-12-20,5.38
2016-12-21,4.96
2016-12-22,5.39
2016-12-23,5.42
2016-12-26,5.05
2016-12-27,5.64
2016-12-28,5.59
2016-12-29,5.13
2016-12-30,5.12
2017-01-02,4.7
2017-01-03,4.7
2017-01-04,5.66
2017-01-05,5.05
2017-01-06,5.08
2017-01-09,4.55
2017-01-10,4.96
2017-01-11,4.8
2017-01-12,5.27
2017-01-13,4.83
2017-01-16,5.43
2017-01-17,4.79
2017-01-18,5.16
2017-01-19,4.71
2017-01-20,5.27
2017-01-23,4.66
2017-01-24,4.98
2017-01-25,4.99
2017-01-26,4.76
2017-01-27,5.07
2017-01-30,4.66
2017-01-31,5.1
2017-02-01,4.96
2017-02-02,5.07
2017-02-03,4.66
2017-02-06,4.69
2017-02-07,5.08
2017-02-08,5.11
2017-02-09,4.9
2017-02-10,4.72
2017-02-13,4.9
2017-02-14,4.88
2017-02-15,4.83
2017-02-16,4.6
2017-02-17,4.62
2017-02-20,4.8
2017-02-21,4.99
2017-02-22,4.55
2017-02-23,4.83
2017-02-24,4.53
2017-03-01,4.87
2017-03-02,4.83
2017-03-03,4.88
2017-03-06,4.9
2017-03-07,4.88
2017-03-08,4.86
2017-03-09,4.56
2017-03-10,4.87
2017-03-13,4.68
2017-03-14,4.68
2017-03-15,4.59
2017-03-16,4.74
2017-03-17,4.81
2017-03-20,4.52
2017-03-21,4.7
2017-03-22,4.78
2017-03-23,4.74
2017-03-24,4.56
2017-03-27,4.79
2017-03-28,4.59
2017-03-29,4.99
2017-03-30,4.38
2017-03-31,4.67
2017-04-03,4.47
2017-04-04,4.91
2017-04-05,4.7
2017-04-06,4.73
2017-04-07,4.54
2017-04-10,4.59
2017-04-11,4.9
2017-04-12,4.61
2017-04-13,5.14
2017-04-17,4.66
2017-04-18,5.17
2017-04-19,4.7
2017-04-20,4.6
2017-04-24,4.68
2017-04-25,4.59
2017-04-26,4.64
2017-04-27,4.63
2017-04-28,4.74
2017-05-02,4.77
2017-05-03,4.6
2017-05-04,4.7
2017-05-05,4.77
2017-05-08,4.33
2017-05-09,4.73
2017-05-10,4.75
2017-05-11,4.7
2017-05-12,4.27
2017-05-15,4.83
2017-05-16,3.85
2017-05-17,4.45
2017-05-18,4.63
2017-05-19,4.65
2017-05-22,4.73
2017-05-23,4.77
2017-05-24,4.43
2017-05-25,4.64
2017-05-26,4.72
2017-05-29,4.9
2017-05-30,4.49
2017-05-31,4.78
2017-06-01,4.84
2017-06-02,4.69
2017-06-05,4.86
2017-06-06,4.8
2017-06-07,4.4
2017-06-08,4.43
2017-06-09,4.48
2017-06-12,4.44
2017-06-13,5.31
2017-06-14,4.3
2017-06-16,4.79
2017-06-19,4.08
2017-06-20,5.33
2017-06-21,4.94
2017-06-22,5.03
2017-06-23,4.46
2017-06-26,5.19
2017-06-27,4.94
2017-06-28,4.45
2017-06-29,5.27
2017-06-30,4.67
2017-07-03,5.34
2017-07-04,4.38
2017-07-05,4.44
2017-07-06,4.57
2017-07-07,4.98
2017-07-10,4.57
2017-07-11,4.31
2017-07-12,4.51
2017-07-13,4.57
2017-07-14,4.38
2017-07-17,4.37
2017-07-18,4.27
2017-07-19,4.07
2017-07-20,4.32
2017-07-21,4.57
2017-07-24,4.63
2017-07-25,4.43
2017-07-26,4.5
2017-07-27,4.57
2017-07-28,3.93
2017-07-31,3.99
2017-08-01,4.62
2017-08-02,4.56
2017-08-03,4.62
2017-08-04,4.66
2017-08-07,4.43
2017-08-08,4.9
2017-08-09,4.8
2017-08-10,4.58
2017-08-11,4.73
2017-08-14,4.56
2017-08-15,4.56
2017-08-16,4.71
2017-08-17,4.73
2017-08-18,4.46
2017-08-21,4.41
2017-08-22,4.58
2017-08-23,4.58
2017-08-24,4.63
2017-08-25,4.23
2017-08-28,4.64
2017-08-29,4.63
2017-08-30,4.13
2017-08-31,4.62
2017-09-01,4.7
2017-09-04,4.77
2017-09-05,4.39
2017-09-06,4.65
2017-09-08,4.84
2017-09-11,4.22
2017-09-12,4.05
2017-09-13,4.23
2017-09-14,4.5
2017-09-15,4.58
2017-09-18,4.68
2017-09-19,4.66
2017-09-20,4.65
2017-09-21,4.41
2017-09-22,4.67
2017-09-25,4.6
2017-09-26,4.18
2017-09-27,4.18
2017-09-28,4.31
2017-09-29,3.74
2017-10-02,4.55
2017-10-03,4.75
2017-10-04,4.29
2017-10-05,4.33
2017-10-06,4.49
2017-10-09,4.75
2017-10-10,4.52
2017-10-11,4.48
2017-10-13,4.49
2017-10-16,4.52
2017-10-17,4.09
2017-10-18,4.47
2017-10-19,4.23
2017-10-20,4.26
2017-10-23,4.22
2017-10-24,4.4
2017-10-25,4.21
2017-10-26,4.57
2017-10-27,4.57
2017-10-30,4.67
2017-10-31,4.3
2017-11-01,4.69
2017-11-03,4.72
2017-11-06,4.15
2017-11-07,4.26
2017-11-08,4.68
2017-11-09,4.16
2017-11-10,4.05
2017-11-13,4.04
2017-11-14,4.41
2017-11-16,4.54
2017-11-17,4.05
2017-11-20,4.47
2017-11-21,4.32
2017-11-22,4.71
2017-11-23,4.49
2017-11-24,4.47
2017-11-27,4.27
2017-11-28,4.5
2017-11-29,4.28
2017-11-30,4.32
2017-12-01,4.84
2017-12-04,4.51
2017-12-05,4.5
2017-12-06,4.38
2017-12-07,4.28
2017-12-08,4.26
2017-12-11,4.29
2017-12-12,4.28
2017-12-13,4.28
2017-12-14,4.26
2017-12-15,4.26
2017-12-18,4.69
2017-12-19,4.69
2017-12-20,3.78
2017-12-21,4.84
2017-12-22,4.59
2017-12-26,4.71
2017-12-27,3.9
2017-12-28,4.79
2017-12-29,4.43
2018-01-02,4.47
2018-01-03,4.55
2018-01-04,4.39
2018-01-05,4.2
2018-01-08,4.46
2018-01-09,4.28
2018-01-10,4.46
2018-01-11,4.19
2018-01-12,4.37
2018-01-15,3.97
2018-01-16,4.23
2018-01-17,4.5
2018-01-18,4.5
2018-01-19,4.5
2018-01-22,3.95
2018-01-23,4.5
2018-01-24,4.0
2018-01-25,4.43
2018-01-26,4.09
2018-01-29,4.21
2018-01-30,4.21
2018-01-31,4.21
2018-02-01,4.5
2018-02-02,4.04
2018-02-05,4.0
2018-02-06,4.0
2018-02-07,4.04
2018-02-08,4.16
2018-02-09,4.26
2018-02-14,4.24
2018-02-15,4.57
2018-02-16,4.21
2018-02-19,4.02
2018-02-20,3.99
2018-02-21,4.1
2018-02-22,3.4
2018-02-23,4.07
2018-02-26,3.93
2018-02-27,4.21
2018-02-28,3.61
2018-03-01,4.33
2018-03-02,4.25
2018-03-05,4.24
2018-03-06,4.36
2018-03-07,3.88
2018-03-08,4.21
2018-03-09,3.96
2018-03-12,4.22
2018-03-13,3.99
2018-03-14,4.01
2018-03-15,4.24
2018-03-16,4.01
2018-03-19,3.99
2018-03-20,3.99
2018-03-21,4.49
2018-03-22,4.09
2018-03-23,4.23
2018-03-26,4.38
2018-03-27,4.22
2018-03-28,4.24
2018-03-29,4.32
2018-04-02,4.29
2018-04-03,4.28
2018-04-04,4.29
2018-04-05,4.05
2018-04-06,4.05
2018-04-09,4.34
2018-04-10,4.28
2018-04-11,4.16
2018-04-12,4.03
2018-04-13,4.09
2018-04-16,4.05
2018-04-17,4.1
2018-04-18,4.05
2018-04-19,4.59
2018-04-20,4.08
2018-04-23,4.14
2018-04-24,4.18
2018-04-25,4.24
2018-04-26,4.18
2018-04-27,4.06
2018-04-30,4.47
2018-05-02,4.02
2018-05-03,4.23
2018-05-04,4.15
2018-05-07,4.71
2018-05-08,4.07
2018-05-09,4.09
2018-05-10,4.09
2018-05-11,4.21
2018-05-14,4.19
2018-05-15,4.37
2018-05-16,4.21
2018-05-17,4.73
2018-05-18,4.31
2018-05-21,4.18
2018-05-22,4.16
2018-05-23,4.18
2018-05-24,4.26
2018-05-25,4.2
2018-05-28,4.24
2018-05-29,4.26
2018-05-30,4.37
2018-06-01,4.31
2018-06-04,4.49
2018-06-05,4.35
2018-06-06,4.23
2018-06-07,4.32
2018-06-08,5.11
2018-06-11,4.28
2018-06-12,4.99
2018-06-13,4.25
2018-06-14,5.16
2018-06-15,4.39
2018-06-18,4.33
2018-06-19,5.21
2018-06-20,4.36
2018-06-21,5.77
2018-06-22,4.27
2018-06-25,5.54
2018-06-26,4.4
2018-06-27,4.41
2018-06-28,4.4
2018-06-29,4.26
2018-07-02,5.77
2018-07-03,4.29
2018-07-04,4.3
2018-07-05,4.35
2018-07-06,4.29
2018-07-09,3.83
2018-07-10,3.97
2018-07-11,3.79
2018-07-12,4.08
2018-07-13,4.4
2018-07-16,4.36
2018-07-17,3.95
2018-07-18,4.39
2018-07-19,3.73
2018-07-20,3.98
2018-07-23,4.33
2018-07-24,3.71
2018-07-25,4.22
2018-07-26,3.96
2018-07-27,3.73
2018-07-30,4.11
2018-07-31,4.09
2018-08-01,4.09
2018-08-02,3.74
2018-08-03,4.34
2018-08-06,4.18
2018-08-07,3.75
2018-08-08,3.56
2018-08-09,3.87
2018-08-10,3.9
2018-08-13,3.85
2018-08-14,3.68
2018-08-15,3.65
2018-08-16,3.81
2018-08-17,4.39
2018-08-20,4.32
2018-08-21,4.38
2018-08-22,4.48
2018-08-23,4.43
2018-08-24,4.32
2018-08-27,3.78
2018-08-28,4.43
2018-08-29,3.64
2018-08-30,4.43
2018-08-31,3.72
2018-09-03,3.6
2018-09-04,3.68
2018-09-05,4.43
2018-09-06,3.87
2018-09-10,4.33
2018-09-11,3.89
2018-09-12,4.62
2018-09-13,4.34
2018-09-14,4.34
2018-09-17,3.91
2018-09-18,4.17
2018-09-19,4.06
2018-09-20,4.78
2018-09-21,4.62
2018-09-24,4.71
2018-09-25,4.16
2018-09-26,3.94
2018-09-27,4.1
2018-09-28,4.6
2018-10-01,4.01
2018-10-02,3.96
2018-10-03,4.48
2018-10-04,4.41
2018-10-05,4.42
2018-10-08,4.18
2018-10-09,3.99
2018-10-10,4.44
2018-10-11,4.53
2018-10-15,3.96
2018-10-16,4.35
2018-10-17,3.97
2018-10-18,4.65
2018-10-19,4.23
2018-10-22,4.44
2018-10-23,4.01
2018-10-24,4.62
2018-10-25,3.95
2018-10-26,4.01
2018-10-29,4.22
2018-10-30,4.36
2018-10-31,4.33
2018-11-01,4.04
2018-11-05,4.02
2018-11-06,4.17
2018-11-07,4.21
2018-11-08,3.88
2018-11-09,4.02
2018-11-12,4.05
2018-11-13,3.71
2018-11-14,4.16
2018-11-16,3.78
2018-11-19,3.66
2018-11-20,4.02
2018-11-21,4.23
2018-11-22,4.23
2018-11-23,3.96
2018-11-26,3.99
2018-11-27,3.72
2018-11-28,3.66
2018-11-29,3.4
2018-11-30,4.22
2018-12-03,3.38
2018-12-04,3.3
2018-12-05,3.61
2018-12-06,4.21
2018-12-07,4.03
2018-12-10,3.89
2018-12-11,3.84
2018-12-12,3.9
2018-12-13,4.0
2018-12-14,3.88
2018-12-17,3.79
2018-12-18,4.05
2018-12-19,4.05
2018-12-20,3.72
2018-12-21,3.85
2018-12-24,3.65
2018-12-26,3.87
2018-12-27,3.78
2018-12-28,4.16
2018-12-31,3.84
2019-01-02,4.03
2019-01-03,3.63
2019-01-04,4.05
2019-01-07,4.13
2019-01-08,4.29
2019-01-09,4.0
2019-01-10,3.99
2019-01-11,4.19
2019-01-14,4.16
2019-01-15,4.03
2019-01-16,4.05
2019-01-17,4.38
2019-01-18,4.2
2019-01-21,4.15
2019-01-22,4.39
2019-01-23,4.39
2019-01-24,3.99
2019-01-25,4.13
2019-01-28,4.2
2019-01-29,4.28
2019-01-30,4.42
2019-01-31,4.07
2019-02-01,4.29
2019-02-04,4.29
2019-02-05,4.36
2019-02-06,4.29
2019-02-07,3.93
2019-02-08,4.0
2019-02-11,4.05
2019-02-12,4.23
2019-02-13,4.26
2019-02-14,3.94
2019-02-15,3.99
2019-02-18,3.99
2019-02-19,4.59
2019-02-20,4.03
2019-02-21,4.28
2019-02-22,4.06
2019-02-25,4.28
2019-02-26,4.44
2019-02-27,4.23
2019-02-28,3.98
2019-03-01,3.99
2019-03-06,4.06
2019-03-07,4.36
2019-03-08,4.37
2019-03-11,4.07
2019-03-12,4.04
2019-03-13,4.16
2019-03-14,4.44
2019-03-15,4.0
2019-03-18,4.01
2019-03-19,4.68
2019-03-20,4.01
2019-03-21,4.28
2019-03-22,4.01
2019-03-25,3.95
2019-03-26,4.04
2019-03-27,3.91
2019-03-28,4.17
2019-03-29,4.13
2019-04-01,4.68
2019-04-02,4.14
2019-04-03,4.0
2019-04-04,4.16
2019-04-05,4.26
2019-04-08,4.06
2019-04-09,4.22
2019-04-10,3.96
2019-04-11,3.96
2019-04-12,4.4
2019-04-15,4.2
2019-04-16,3.7
2019-04-17,4.14
2019-04-18,3.72
2019-04-22,4.13
2019-04-23,4.25
2019-04-24,3.72
2019-04-25,3.61
2019-04-26,4.22
2019-04-29,4.14
2019-04-30,4.38
2019-05-02,4.14
2019-05-03,4.1
2019-05-06,4.1
2019-05-07,4.7
2019-05-08,4.2
2019-05-09,4.22
2019-05-10,4.23
2019-05-13,4.13
2019-05-14,4.13
2019-05-15,3.94
2019-05-16,4.25
2019-05-17,4.18
2019-05-20,3.98
2019-05-21,3.93
2019-05-22,4.0
2019-05-23,3.74
2019-05-24,4.2
2019-05-27,3.68
2019-05-28,4.32
2019-05-29,3.7
2019-05-30,4.18
2019-05-31,4.18
2019-06-03,4.15
2019-06-04,3.66
2019-06-05,3.57
2019-06-06,3.97
2019-06-07,4.16
2019-06-10,3.82
2019-06-11,3.82
2019-06-12,4.09
2019-06-13,4.18
2019-06-14,3.92
2019-06-17,3.47
2019-06-18,4.31
2019-06-19,3.6
2019-06-21,4.29
2019-06-24,3.7
2019-06-25,4.23
2019-06-26,3.66
2019-06-27,3.61
2019-06-28,3.69
2019-07-01,3.55
2019-07-02,4.25
2019-07-03,3.65
2019-07-04,4.28
2019-07-05,3.78
2019-07-08,3.49
2019-07-09,3.5
2019-07-10,4.16
2019-07-11,4.17
2019-07-12,3.62
2019-07-15,3.66
2019-07-16,3.63
2019-07-17,3.62
2019-07-18,3.92
2019-07-19,3.68
2019-07-22,4.16
2019-07-23,3.65
2019-07-24,3.69
2019-07-25,3.64
2019-07-26,3.67
2019-07-29,3.67
2019-07-30,3.67
2019-07-31,3.53
2019-08-01,3.68
2019-08-02,3.5
2019-08-05,3.66
2019-08-06,4.14
2019-08-07,4.1
2019-08-08,3.65
2019-08-09,3.44
2019-08-12,3.57
2019-08-13,3.71
2019-08-14,3.71
2019-08-15,3.64
2019-08-16,4.04
2019-08-19,3.66
2019-08-20,3.66
2019-08-21,3.79
2019-08-22,3.79
2019-08-23,3.57
2019-08-26,4.05
2019-08-27,3.66
2019-08-28,3.57
2019-08-29,3.58
2019-08-30,3.49
2019-09-02,3.59
2019-09-03,3.97
2019-09-04,3.7
2019-09-05,4.1
2019-09-06,3.92
2019-09-09,3.95
2019-09-10,3.94
2019-09-11,3.41
2019-09-12,3.68
2019-09-13,3.47
2019-09-16,3.73
2019-09-17,3.39
2019-09-18,3.37
2019-09-19,3.39
2019-09-20,3.73
2019-09-23,3.38
2019-09-24,3.6
2019-09-25,3.6
2019-09-26,3.6
2019-09-27,3.97
2019-09-30,3.98
2019-10-01,3.47
2019-10-02,3.5
2019-10-03,4.05
2019-10-04,3.75
2019-10-07,3.66
2019-10-08,3.43
2019-10-09,4.04
2019-10-10,3.39
2019-10-11,3.66
2019-10-14,3.64
2019-10-15,3.89
2019-10-16,3.89
2019-10-17,3.45
2019-10-18,3.58
2019-10-21,4.14
2019-10-22,3.68
2019-10-23,3.4
2019-10-24,4.17
2019-10-25,4.17
2019-10-28,4.04
2019-10-29,4.19
2019-10-30,3.89
2019-10-31,3.89
2019-11-01,3.64
2019-11-04,3.65
2019-11-05,4.05
2019-11-06,4.0
2019-11-07,3.71
2019-11-08,4.04
2019-11-11,3.63
2019-11-12,4.02
2019-11-13,4.06
2019-11-14,4.01
2019-11-18,4.02
2019-11-19,3.71
2019-11-20,3.59
2019-11-21,3.72
2019-11-22,4.21
2019-11-25,3.76
2019-11-26,3.67
2019-11-27,3.76
2019-11-28,4.17
2019-11-29,4.18
2019-12-02,4.19
2019-12-03,4.22
2019-12-04,3.82
2019-12-05,4.3
2019-12-06,4.28
2019-12-09,4.51
2019-12-10,4.33
2019-12-11,4.55
2019-12-12,4.56
2019-12-13,3.9
2019-12-16,3.94
2019-12-17,3.85
2019-12-18,3.67
2019-12-19,4.13
2019-12-20,4.7
2019-12-23,3.95
2019-12-24,4.21
2019-12-26,4.73
2019-12-27,3.66
2019-12-30,4.44
2019-12-31,5.31
2020-01-02,3.69
2020-01-03,4.35
2020-01-06,4.24
2020-01-07,3.59
2020-01-08,4.01
2020-01-09,4.07
2020-01-10,4.2
2020-01-13,3.56
2020-01-14,3.73
2020-01-15,3.55
2020-01-16,3.8
2020-01-17,4.19
2020-01-20,4.3
2020-01-21,3.8
2020-01-22,4.28
2020-01-23,4.31
2020-01-24,3.45
2020-01-27,4.3
2020-01-28,3.76
2020-01-29,4.17
2020-01-30,4.03
2020-01-31,3.49
2020-02-03,3.52
2020-02-04,3.5
2020-02-05,3.76
2020-02-06,3.36
2020-02-07,3.94
2020-02-10,4.01
2020-02-11,3.43
2020-02-12,3.5
2020-02-13,3.75
2020-02-14,4.06
2020-02-17,3.87
2020-02-18,3.87
2020-02-19,3.48
2020-02-20,4.07
2020-02-21,4.09
2020-02-26,4.18
2020-02-27,4.18
2020-02-28,4.18
2020-03-02,4.18
2020-03-03,3.39
2020-03-04,3.35
2020-03-05,4.18
2020-03-06,3.3
2020-03-09,4.18
2020-03-10,4.3
2020-03-11,3.3
2020-03-12,3.45
2020-03-13,3.72
2020-03-16,4.2
2020-03-17,3.4
2020-03-18,3.71
2020-03-19,3.4
2020-03-20,4.51
2020-03-23,3.52
2020-03-24,4.49
2020-03-25,4.45
2020-03-26,3.39
2020-03-27,4.74
2020-03-30,3.4
2020-03-31,4.05
2020-04-01,4.22
2020-04-02,4.05
2020-04-03,2.98
2020-04-06,4.23
2020-04-07,3.35
2020-04-08,3.54
2020-04-09,3.8
2020-04-13,3.03
2020-04-14,4.26
2020-04-15,3.96
2020-04-16,4.23
2020-04-17,4.33
2020-04-20,3.0
2020-04-22,3.87
2020-04-23,4.33
2020-04-24,3.19
2020-04-27,2.87
2020-04-28,2.96
2020-04-29,2.99
2020-04-30,2.8
2020-05-04,2.8
2020-05-05,4.03
2020-05-06,3.43
2020-05-07,2.36
2020-05-08,3.42
2020-05-11,3.15
2020-05-12,2.68
2020-05-13,3.78
2020-05-14,3.61
2020-05-15,3.58
2020-05-18,4.53
2020-05-19,3.9
2020-05-20,3.1
2020-05-21,2.68
2020-05-22,3.0
2020-05-25,2.72
2020-05-26,3.78
2020-05-27,3.34
2020-05-28,3.11
2020-05-29,4.12
2020-06-01,2.62
2020-06-02,3.87
2020-06-03,2.89
2020-06-04,3.2
2020-06-05,3.33
2020-06-08,3.36
2020-06-09,2.89
2020-06-10,3.37
2020-06-12,4.93
2020-06-15,3.24
2020-06-16,3.57
2020-06-17,4.04
2020-06-18,5.1
2020-06-19,3.57
2020-06-22,3.57
2020-06-23,3.82
2020-06-24,3.23
2020-06-25,3.78
2020-06-26,5.2
2020-06-29,3.85
2020-06-30,3.81
2020-07-01,4.21
2020-07-02,3.3
2020-07-03,4.15
2020-07-06,3.38
2020-07-07,5.46
2020-07-08,3.38
2020-07-09,3.92
2020-07-10,3.92
2020-07-13,3.29
2020-07-14,3.9
2020-07-15,3.62
2020-07-16,3.36
2020-07-17,4.37
2020-07-20,3.28
2020-07-21,3.77
2020-07-22,3.49
2020-07-23,3.66
2020-07-24,4.03
2020-07-27,3.15
2020-07-28,3.15
2020-07-29,4.93
2020-07-30,3.63
2020-07-31,6.83
2020-08-03,6.92
2020-08-04,4.9
2020-08-05,2.92
2020-08-06,3.47
2020-08-07,3.5
2020-08-10,5.09
2020-08-11,5.09
2020-08-12,3.51
2020-08-13,4.73
2020-08-14,4.79
2020-08-17,4.11
2020-08-18,2.99
2020-08-19,4.98
2020-08-20,4.57
2020-08-21,3.38
2020-08-24,3.39
2020-08-25,4.84
2020-08-26,5.79
2020-08-27,3.18
2020-08-28,4.63
2020-08-31,3.49
2020-09-01,3.04
2020-09-02,3.43
2020-09-03,3.43
2020-09-04,3.34
2020-09-08,4.28
2020-09-09,3.39
2020-09-10,3.07
2020-09-11,3.15
2020-09-14,5.66
2020-09-15,5.9
2020-09-16,3.67
2020-09-17,3.42
2020-09-18,7.75
2020-09-21,6.34
2020-09-22,3.17
2020-09-23,3.61
2020-09-24,5.27
2020-09-25,8.06
2020-09-28,3.92
2020-09-29,3.34
2020-09-30,3.34
2020-10-01,3.49
2020-10-02,3.38
2020-10-05,4.87
2020-10-06,3.76
2020-10-07,3.59
2020-10-08,3.45
2020-10-09,3.66
2020-10-13,3.38
2020-10-14,4.63
2020-10-15,3.87
2020-10-16,3.87
2020-10-19,3.67
2020-10-20,5.52
2020-10-21,3.63
2020-10-22,3.48
2020-10-23,3.91
2020-10-26,5.82
2020-10-27,6.32
2020-10-28,5.94
2020-10-29,8.93
2020-10-30,5.51
2020-11-03,5.4
2020-11-04,5.42
2020-11-05,3.45
2020-11-06,3.52
2020-11-09,5.36
2020-11-10,5.97
2020-11-11,6.0
2020-11-12,3.69
2020-11-13,5.16
2020-11-16,6.14
2020-11-17,3.5
2020-11-18,3.58
2020-11-19,5.46
2020-11-20,3.65
2020-11-23,4.19
2020-11-24,9.68
2020-11-25,6.08
2020-11-26,7.66
2020-11-27,4.33
2020-11-30,4.12
2020-12-01,3.84
2020-12-02,3.81
2020-12-03,6.87
2020-12-04,5.72
2020-12-07,5.64
2020-12-08,6.29
2020-12-09,4.04
2020-12-10,4.0
2020-12-11,5.5
2020-12-14,5.37
2020-12-15,4.02
2020-12-16,6.29
2020-12-17,5.65
2020-12-18,3.81
2020-12-21,5.64
2020-12-22,4.71
2020-12-23,3.64
2020-12-24,5.8
2020-12-28,4.54
2020-12-29,3.66
2020-12-30,4.58
2020-12-31,3.6
2021-01-04,3.65
2021-01-05,3.47
2021-01-06,4.49
2021-01-07,4.53
2021-01-08,3.44
2021-01-11,4.85
2021-01-12,4.8
2021-01-13,3.42
2021-01-14,4.39
2021-01-15,3.45
2021-01-18,4.44
2021-01-19,3.45
2021-01-20,3.52
2021-01-21,3.43
2021-01-22,3.6
2021-01-25,3.81
2021-01-26,5.14
2021-01-27,3.45
2021-01-28,4.31
2021-01-29,3.6
2021-02-01,4.59
2021-02-02,5.52
2021-02-03,4.08
2021-02-04,3.63
2021-02-05,4.18
2021-02-08,3.45
2021-02-09,3.2
2021-02-10,3.45
2021-02-11,4.74
2021-02-12,3.18
2021-02-17,3.34
2021-02-18,3.73
2021-02-19,3.89
2021-02-22,4.13
2021-02-23,3.85
2021-02-24,3.84
2021-02-25,4.17
2021-02-26,4.22
2021-03-01,4.18
2021-03-02,3.9
2021-03-03,4.29
2021-03-04,4.1
2021-03-05,4.08
2021-03-08,4.12
2021-03-09,4.13
2021-03-10,4.49
2021-03-11,4.43
2021-03-12,4.35
2021-03-15,4.22
2021-03-16,5.55
2021-03-17,6.8
2021-03-18,4.18
2021-03-19,4.41
2021-03-22,5.51
2021-03-23,4.39
2021-03-24,4.51
2021-03-25,5.33
2021-03-26,5.3
2021-03-29,4.04
2021-03-30,4.44
2021-03-31,3.9697
2021-04-01,5.4767
2021-04-05,3.8966
2021-04-06,4.529
2021-04-07,4.8292
2021-04-08,5.1428
2021-04-09,3.9283
2021-04-12,3.9891
2021-04-13,5.1428
2021-04-14,4.662
2021-04-15,4.7112
2021-04-16,4.8658
2021-04-19,4.084
2021-04-20,4.5627
2021-04-22,4.7255
2021-04-23,4.0142
2021-04-26,5.707
2021-04-27,4.053
2021-04-28,5.6813
2021-04-29,4.0421
2021-04-30,4.1092
2021-05-03,5.5174
2021-05-04,4.0735
2021-05-05,5.8644
2021-05-06,5.3623
2021-05-07,5.9983
2021-05-10,4.0736
2021-05-11,4.2056
2021-05-12,5.329
2021-05-13,4.1399
2021-05-14,4.1628
2021-05-17,4.119
2021-05-18,4.3194
2021-05-19,4.0858
2021-05-20,4.2586
2021-05-21,4.1719
2021-05-24,4.3556
2021-05-25,4.4123
2021-05-26,4.4677
2021-05-27,4.1786
2021-05-28,5.3574
2021-05-31,4.1316
2021-06-01,5.4955
2021-06-02,4.2302
2021-06-04,5.2548
2021-06-07,4.2428
2021-06-08,5.4975
2021-06-09,4.1363
2021-06-10,4.3255
2021-06-11,4.3396
2021-06-14,5.7436
2021-06-15,4.4477
2021-06-16,4.2646
2021-06-17,5.7436
2021-06-18,4.2608
2021-06-21,5.5959
2021-06-22,4.2528
2021-06-23,4.177
2021-06-24,4.3692
2021-06-25,5.8167
2021-06-28,4.2121
2021-06-29,5.1503
2021-06-30,4.899
2021-07-01,5.078
2021-07-02,5.0203
2021-07-05,4.445
2021-07-06,4.5925
2021-07-07,4.208
2021-07-08,4.9687
2021-07-09,4.3075
2021-07-12,4.3404
2021-07-13,4.3415
2021-07-14,4.7285
2021-07-15,4.2901
2021-07-16,4.9259
2021-07-19,4.8425
2021-07-20,4.2466
2021-07-21,5.0818
2021-07-22,4.9257
2021-07-23,5.1045
2021-07-26,4.7807
2021-07-27,5.0837
2021-07-28,5.1515
2021-07-29,4.8839
2021-07-30,4.9616
2021-08-02,5.4141
2021-08-03,5.3932
2021-08-04,4.4533
2021-08-05,5.3132
2021-08-06,4.9603
2021-08-09,4.9616
2021-08-10,4.2811
2021-08-11,4.384
2021-08-12,4.4367
2021-08-13,4.4468
2021-08-16,5.2642
2021-08-17,5.9203
2021-08-18,4.479
2021-08-19,4.6072
2021-08-20,5.4527
2021-08-23,4.635
2021-08-24,6.1348
2021-08-25,4.6072
2021-08-26,4.7231
2021-08-27,4.5247
2021-08-30,5.2716
2021-08-31,4.6228
2021-09-01,4.6291
2021-09-02,5.2143
2021-09-03,5.062
2021-09-06,5.3294
2021-09-08,4.8533
2021-09-09,4.8763
2021-09-10,5.1751
2021-09-13,5.2732
2021-09-14,5.0726
2021-09-15,4.5931
2021-09-16,5.2244
2021-09-17,4.1687
2021-09-20,4.1375
2021-09-21,5.0093
2021-09-22,4.8748
2021-09-23,3.9655
2021-09-24,4.5658
2021-09-27,4.9764
2021-09-28,5.0114
2021-09-29,5.4629
2021-09-30,4.8016
2021-10-01,4.2186
2021-10-04,5.3911
2021-10-05,4.0409
2021-10-06,4.9532
2021-10-07,4.5773
2021-10-08,4.083
2021-10-11,4.753
2021-10-13,4.9642
2021-10-14,4.6549
2021-10-15,4.8428
2021-10-18,5.2442
2021-10-19,4.597
2021-10-20,4.9925
2021-10-21,5.1157
2021-10-22,5.1935
2021-10-25,5.2446
2021-10-26,5.0512
2021-10-27,5.0277
2021-10-28,5.3651
2021-10-29,5.691
2021-11-01,5.2355
2021-11-03,5.5976
2021-11-04,5.716
2021-11-05,5.0058
2021-11-08,5.6619
2021-11-09,5.7314
2021-11-10,6.0227
2021-11-11,5.8541
2021-11-12,5.7941
2021-11-16,6.0329
2021-11-17,5.0866
2021-11-18,5.2889
2021-11-19,5.6041
2021-11-22,5.3775
2021-11-23,5.5667
2021-11-24,5.3579
2021-11-25,5.5556
2021-11-26,5.3578
2021-11-29,5.5436
2021-11-30,5.506
2021-12-01,5.3907
2021-12-02,5.53
2021-12-03,5.4383
2021-12-06,5.8135
2021-12-07,5.6466
2021-12-08,5.7734
2021-12-09,5.6466
2021-12-10,5.3326
2021-12-13,5.3088
2021-12-14,5.1881
2021-12-15,5.651
2021-12-16,5.2188
2021-12-17,5.2263
2021-12-20,5.2315
2021-12-21,5.1411
2021-12-22,5.5019
2021-12-23,5.1284
2021-12-24,5.6337
2021-12-27,5.655
2021-12-28,5.6474
2021-12-29,5.1026
2021-12-30,5.3744
2021-12-31,5.4926
2022-01-03,5.0574
2022-01-04,5.5482
2022-01-05,5.4
2022-01-06,5.1588
2022-01-07,5.5066
2022-01-10,5.6115
2022-01-11,5.0499
2022-01-12,5.0616
2022-01-13,5.479
2022-01-14,5.083
2022-01-17,5.1255
2022-01-18,5.4967
2022-01-19,5.5522
2022-01-20,5.3674
2022-01-21,5.5088
2022-01-24,5.4285
2022-01-25,5.4432
2022-01-26,5.2786
2022-01-27,5.1292
2022-01-28,5.4357
2022-01-31,5.528
2022-02-01,5.2806
2022-02-02,5.62
2022-02-03,5.499
2022-02-04,5.5952
2022-02-07,5.4622
2022-02-08,5.78
2022-02-09,5.2573
2022-02-10,4.8782
2022-02-11,5.9756
2022-02-14,5.3033
2022-02-15,5.2389
2022-02-16,5.1843
2022-02-17,5.4942
2022-02-18,5.8765
2022-02-21,5.2332
2022-02-22,5.5258
2022-02-23,5.2444
2022-02-24,5.4834
2022-02-25,5.8928
2022-03-02,5.3859
2022-03-03,5.3675
2022-03-04,4.9665
2022-03-07,4.889
2022-03-08,5.7078
2022-03-09,5.946
2022-03-10,4.8641
2022-03-11,5.6896
2022-03-14,5.8839
2022-03-15,5.3868
2022-03-16,5.4723
2022-03-17,5.7684
2022-03-18,5.5128
2022-03-21,5.4608
2022-03-22,5.677
2022-03-23,5.5551
2022-03-24,6.6194
2022-03-25,5.4709
2022-03-28,5.54
2022-03-29,5.4989
2022-03-30,5.4906
2022-03-31,6.3536
2022-04-01,6.6931
2022-04-04,6.2326
2022-04-05,5.3155
2022-04-06,6.452
2022-04-07,5.4451
2022-04-08,5.2732
2022-04-11,5.5041
2022-04-12,5.4394
2022-04-13,5.3526
2022-04-14,6.2244
2022-04-18,5.2017
2022-04-19,5.6384
2022-04-20,5.834
2022-04-22,5.5097
2022-04-25,5.4839
2022-04-26,5.773
2022-04-27,5.7551
2022-04-28,6.461
2022-04-29,6.0091
2022-05-02,6.6558
2022-05-03,6.1678
2022-05-04,6.3914
2022-05-05,5.3979
2022-05-06,6.3773
2022-05-09,6.4651
2022-05-10,5.8598
2022-05-11,5.7144
2022-05-12,6.4416
2022-05-13,5.3397
2022-05-16,6.0825
2022-05-17,5.767
2022-05-18,6.4437
2022-05-19,5.9811
2022-05-20,6.3065
2022-05-23,6.1184
2022-05-24,6.2741
2022-05-25,6.1618
2022-05-26,6.273
2022-05-27,5.9902
2022-05-30,5.6199
2022-05-31,6.3872
2022-06-01,6.3882
2022-06-02,6.4248
2022-06-03,6.8981
2022-06-06,6.1573
2022-06-07,6.6678
2022-06-08,6.748
2022-06-09,6.0928
2022-06-10,5.723
2022-06-13,5.8677
2022-06-14,5.7758
2022-06-15,5.7977
2022-06-17,6.0551
2022-06-20,5.9109
2022-06-21,6.0924
2022-06-22,6.3519
2022-06-23,6.0608
2022-06-24,6.2053
2022-06-27,5.9921
2022-06-28,5.5947
2022-06-29,5.8882
2022-06-30,5.5837
2022-07-01,6.686
2022-07-04,6.258
2022-07-05,6.3327
2022-07-06,6.3886
2022-07-07,5.7353
2022-07-08,5.9064
2022-07-11,5.7312
2022-07-12,6.1834
2022-07-13,5.9552
2022-07-14,6.5578
2022-07-15,5.9324
2022-07-18,6.1761
2022-07-19,6.1754
2022-07-20,5.5123
2022-07-21,5.5703
2022-07-22,5.3447
2022-07-25,5.927
2022-07-26,5.4814
2022-07-27,6.3426
2022-07-28,4.805
2022-07-29,5.5241
2022-08-01,5.6045
2022-08-02,5.8976
2022-08-03,5.6456
2022-08-04,5.5467
2022-08-05,6.4623
2022-08-08,5.3218
2022-08-09,6.428
2022-08-10,6.5217
2022-08-11,5.3404
2022-08-12,6.5769
2022-08-15,6.575
2022-08-16,5.6839
2022-08-17,6.5661
2022-08-18,5.3818
2022-08-19,5.5192
2022-08-22,5.5105
2022-08-23,5.2146
2022-08-24,5.3095
2022-08-25,4.936
2022-08-26,5.4162
2022-08-29,5.099
2022-08-30,5.0604
2022-08-31,5.7542
2022-09-01,5.3959
2022-09-02,6.3746
2022-09-05,5.0604
2022-09-06,6.7536
2022-09-08,5.6962
2022-09-09,5.0213
2022-09-12,6.7169
2022-09-13,5.2072
2022-09-14,5.471
2022-09-15,6.6395
2022-09-16,6.6902
2022-09-19,6.6519
2022-09-20,4.6348
2022-09-21,4.32
2022-09-22,5.0472
2022-09-23,6.5236
2022-09-26,4.5942
2022-09-27,5.1173
2022-09-28,4.6787
2022-09-29,4.6978
2022-09-30,4.6394
2022-10-03,4.9484
2022-10-04,4.9959
2022-10-05,6.2568
2022-10-06,4.4351
2022-10-07,4.522
2022-10-10,5.1776
2022-10-11,5.0261
2022-10-13,5.2194
2022-10-14,4.1182
2022-10-17,5.9912
2022-10-18,4.2929
2022-10-19,5.1752
2022-10-20,4.6481
2022-10-21,5.8464
2022-10-24,4.759
2022-10-25,5.1413
2022-10-26,5.9614
2022-10-27,4.8476
2022-10-28,4.7835
2022-10-31,4.8327
2022-11-01,5.2067
2022-11-03,5.6855
2022-11-04,4.7002
2022-11-07,5.6626
2022-11-08,4.341
2022-11-09,4.6756
2022-11-10,4.3507
2022-11-11,4.5219
2022-11-14,5.7286
2022-11-16,5.7257
2022-11-17,5.7815
2022-11-18,5.6468
2022-11-21,5.8149
2022-11-22,5.7169
2022-11-23,3.9863
2022-11-24,4.7588
2022-11-25,5.323
2022-11-28,5.3344
2022-11-29,4.7069
2022-11-30,5.9142
2022-12-01,4.5699
2022-12-02,5.6682
2022-12-05,4.7909
2022-12-06,5.652
2022-12-07,5.2448
2022-12-08,5.4169
2022-12-09,5.8337
2022-12-12,4.5879
2022-12-13,5.2287
2022-12-14,5.1451
2022-12-15,6.091
2022-12-16,4.4476
2022-12-19,4.8252
2022-12-20,4.5118
2022-12-21,5.8668
2022-12-22,5.8636
2022-12-23,4.5168
2022-12-26,5.2513
2022-12-27,5.7702
2022-12-28,4.5507
2022-12-29,4.8269
2022-12-30,5.4651
2023-01-02,4.5138
2023-01-03,5.2928
2023-01-04,4.7882
2023-01-05,4.7915
2023-01-06,5.6634
2023-01-09,5.6886
2023-01-10,5.9089
2023-01-11,4.8556
2023-01-12,4.5515
2023-01-13,5.3751
2023-01-16,5.4
2023-01-17,5.8847
2023-01-18,5.4075
2023-01-19,5.5
2023-01-20,4.5076
2023-01-23,4.6041
2023-01-24,5.9128
2023-01-25,4.6395
2023-01-26,5.5555
2023-01-27,5.7491
2023-01-30,5.7593
2023-01-31,5.7593
2023-02-01,4.7226
2023-02-02,5.8097
2023-02-03,4.8536
2023-02-06,5.6784
2023-02-07,4.8214
2023-02-08,5.6752
2023-02-09,4.7484
2023-02-10,4.8105
2023-02-13,5.8996
2023-02-14,5.9039
2023-02-15,4.6847
2023-02-16,5.7436
2023-02-17,4.6929
2023-02-22,5.7502
2023-02-23,5.6409
2023-02-24,4.6302
2023-02-27,5.6443
2023-02-28,4.622
2023-03-01,4.5973
2023-03-02,4.4585
2023-03-03,5.9729
2023-03-06,5.5659
2023-03-07,5.6424
2023-03-08,5.5417
2023-03-09,4.6879
2023-03-10,5.5339
2023-03-13,5.4823
2023-03-14,5.4621
2023-03-15,5.3564
2023-03-16,4.58
2023-03-17,5.4354
2023-03-20,5.5556
2023-03-21,4.5104
2023-03-22,4.5062
2023-03-23,4.6981
2023-03-24,5.3578
2023-03-27,4.4766
2023-03-28,4.5257
2023-03-29,4.6511
2023-03-30,4.4155
2023-03-31,4.492
2023-04-03,4.7198
2023-04-04,4.4912
2023-04-05,4.4519
2023-04-06,5.5834
2023-04-10,4.5874
2023-04-11,5.314
2023-04-12,4.4565
2023-04-13,4.1776
2023-04-14,5.5478
2023-04-17,5.5515
2023-04-18,4.5739
2023-04-19,5.4345
2023-04-20,5.4351
2023-04-24,5.2739
2023-04-25,4.4175
2023-04-26,3.7313
2023-04-27,4.43
2023-04-28,5.4381
2023-05-02,4.4944
2023-05-03,4.456
2023-05-04,5.4587
2023-05-05,4.1294
2023-05-08,5.1136
2023-05-09,4.5172
2023-05-10,4.2927
2023-05-11,5.1243
2023-05-12,4.9869
2023-05-15,4.3856
2023-05-16,4.3863
2023-05-17,5.0082
2023-05-18,4.3844
2023-05-19,4.0117
2023-05-22,5.2109
2023-05-23,4.1357
2023-05-24,4.3319
2023-05-25,4.3063
2023-05-26,4.0572
2023-05-29,2.7918
2023-05-30,5.0696
2023-05-31,5.2527
2023-06-01,4.645
2023-06-02,4.1695
2023-06-05,4.1551
2023-06-06,4.6332
2023-06-07,4.1448
2023-06-09,4.2347
2023-06-12,3.9507
2023-06-13,4.1042
2023-06-14,5.1285
2023-06-15,5.3066
2023-06-16,5.1165
2023-06-19,2.9373
2023-06-20,3.5806
2023-06-21,5.0759
2023-06-22,5.0239
2023-06-23,1.8184
2023-06-26,3.9631
2023-06-27,1.8248
2023-06-28,5.0542
2023-06-29,3.9622
2023-06-30,3.9424
2023-07-03,3.8965
2023-07-04,3.8019
2023-07-05,4.2201
2023-07-06,3.8323
2023-07-07,3.8433
2023-07-10,3.8651
2023-07-11,5.018
2023-07-12,3.8172
2023-07-13,4.0337
2023-07-14,5.018
2023-07-17,3.7603
2023-07-18,3.8933
2023-07-19,4.9709
2023-07-20,4.9645
2023-07-21,3.6846
2023-07-24,4.1716
2023-07-25,3.679
2023-07-26,3.6297
2023-07-27,4.1443
2023-07-28,4.7994
2023-07-31,4.0211
2023-08-01,3.9895
2023-08-02,4.1383
2023-08-03,4.7571
2023-08-04,3.9776
2023-08-07,4.7006
2023-08-08,3.4307
2023-08-09,4.0331
2023-08-10,3.5243
2023-08-11,4.7345
2023-08-14,3.6325
2023-08-15,4.7306
2023-08-16,4.0982
2023-08-17,4.1381
2023-08-18,3.4203
2023-08-21,4.6019
2023-08-22,4.6583
2023-08-23,3.4413
2023-08-24,4.1627
2023-08-25,3.5071
2023-08-28,4.1097
2023-08-29,3.5142
2023-08-30,4.0269
2023-08-31,4.2597
2023-09-01,4.1768
2023-09-04,4.255
2023-09-05,3.1882
2023-09-06,4.0997
2023-09-08,3.3742
2023-09-11,4.5671
2023-09-12,4.0821
2023-09-13,4.039
2023-09-14,4.1344
2023-09-15,3.9723
2023-09-18,3.5304
2023-09-19,4.0942
2023-09-20,4.6591
2023-09-21,3.998
2023-09-22,3.9927
2023-09-25,4.0298
2023-09-26,4.0827
2023-09-27,4.0261
2023-09-28,4.0214
2023-09-29,3.2596
2023-10-02,3.6184
2023-10-03,3.452
2023-10-04,4.0943
2023-10-05,4.0472
2023-10-06,3.4551
2023-10-09,4.2719
2023-10-10,4.2749
2023-10-11,4.0208
2023-10-13,4.523
2023-10-16,4.1764
2023-10-17,4.5429
2023-10-18,4.6342
2023-10-19,4.3416
2023-10-20,4.2443
2023-10-23,3.6583
2023-10-24,4.6764
2023-10-25,4.6157
2023-10-26,3.6603
2023-10-27,4.271
2023-10-30,4.6518
2023-10-31,4.2197
2023-11-01,3.8802
2023-11-03,4.6425
2023-11-06,4.6198
2023-11-07,4.1598
2023-11-08,4.1613
2023-11-09,4.1275
2023-11-10,4.2191
2023-11-13,3.9379
2023-11-14,3.9385
2023-11-16,3.7156
2023-11-17,4.4318
2023-11-20,4.4219
2023-11-21,3.9278
2023-11-22,4.4645
2023-11-23,4.2018
2023-11-24,4.4337
2023-11-27,4.4565
2023-11-28,3.6148
2023-11-29,4.1909
2023-11-30,4.1781
2023-12-01,3.9286
2023-12-04,4.3179
2023-12-05,3.7142
2023-12-06,4.1925
2023-12-07,4.447
2023-12-08,4.205
2023-12-11,4.195
2023-12-12,4.276
2023-12-13,3.6335
2023-12-14,3.6163
2023-12-15,3.7995
2023-12-18,3.9045
2023-12-19,4.3219
2023-12-20,4.2413
2023-12-21,4.1569
2023-12-22,3.6778
2023-12-26,3.8604
2023-12-27,3.8502
2023-12-28,4.0738
2023-12-29,4.0738
2024-01-02,3.7175
2024-01-03,3.987
2024-01-04,3.7982
2024-01-05,3.8805
2024-01-08,3.7213
2024-01-09,3.7213
2024-01-10,4.383
2024-01-11,4.3014
2024-01-12,4.5377
2024-01-15,4.5222
2024-01-16,4.2
2024-01-17,3.7251
2024-01-18,3.9379
2024-01-19,4.498
2024-01-22,3.7463
2024-01-23,3.8598
2024-01-24,4.5
2024-01-25,3.72
2024-01-26,3.61
2024-01-29,4.0201
2024-01-30,3.6261
2024-01-31,3.6181
2024-02-01,4.2152
2024-02-02,4.5106
2024-02-05,3.9911
2024-02-06,4.5271
2024-02-07,3.6927
2024-02-08,4.5677
2024-02-09,4.5969
2024-02-14,3.7757
2024-02-15,3.7673
2024-02-16,4.6033
2024-02-19,3.6167
2024-02-20,4.622
2024-02-21,3.5172
2024-02-22,3.7517
2024-02-23,3.3877
2024-02-26,4.46
2024-02-27,3.5958
2024-02-28,4.2446
2024-02-29,3.7205
2024-03-01,3.5984
2024-03-04,4.2092
2024-03-05,3.5586
2024-03-06,4.3551
2024-03-07,3.8012
2024-03-08,4.1498
2024-03-11,4.2411
2024-03-12,4.112
2024-03-13,3.4398
2024-03-14,3.497
2024-03-15,4.289
2024-03-18,3.2255
2024-03-19,3.2474
2024-03-20,4.0082
2024-03-21,3.3695
2024-03-22,3.2763
2024-03-25,3.2469
2024-03-26,3.4534
2024-03-27,4.1139
2024-03-28,3.3696
2024-04-01,3.1932
2024-04-02,4.0839
2024-04-03,3.9455
2024-04-04,3.3685
2024-04-05,3.2456
2024-04-08,4.4976
2024-04-09,4.5393
2024-04-10,3.4031
2024-04-11,3.9698
2024-04-12,3.2598
2024-04-15,4.4981
2024-04-16,3.9808
2024-04-17,3.7443
2024-04-18,3.3817
2024-04-19,4.173
2024-04-22,4.1602
2024-04-23,4.0219
2024-04-24,3.6072
2024-04-25,4.2487
2024-04-26,3.5213
2024-04-29,4.7547
2024-04-30,4.2369
2024-05-02,4.7471
2024-05-03,4.2861
2024-05-06,3.4413
2024-05-07,4.2583
2024-05-08,4.9093
2024-05-09,4.6853
2024-05-10,3.6064
2024-05-13,4.8717
2024-05-14,3.6474
2024-05-15,3.6675
2024-05-16,4.8444
2024-05-17,4.2309
2024-05-20,3.6021
2024-05-21,3.6078
2024-05-22,3.7308
2024-05-23,3.5782
2024-05-24,4.6297
2024-05-27,3.7159
2024-05-28,4.2189
2024-05-29,4.2161
2024-05-31,3.7247
2024-06-03,4.9152
2024-06-04,3.9478
2024-06-05,4.3022
2024-06-06,4.3022
2024-06-07,3.7109
2024-06-10,4.3312
2024-06-11,4.561
2024-06-12,4.3906
2024-06-13,4.6325
2024-06-14,3.7812
2024-06-17,3.6842
2024-06-18,3.7035
2024-06-19,3.7664
2024-06-20,4.4153
2024-06-21,4.6126
2024-06-24,4.6571
2024-06-25,3.6573
2024-06-26,4.5962
2024-06-27,3.7159
2024-06-28,3.7166
2024-07-01,4.2466
2024-07-02,3.6379
2024-07-03,4.201
2024-07-04,4.1982
2024-07-05,3.6787
2024-07-08,3.7713
2024-07-09,3.7207
2024-07-10,4.2466
2024-07-11,4.706
2024-07-12,4.1693
2024-07-15,4.1723
2024-07-16,4.7264
2024-07-17,3.7813
2024-07-18,4.6964
2024-07-19,3.738
2024-07-22,4.3869
2024-07-23,3.7259
2024-07-24,3.7226
2024-07-25,3.7393
2024-07-26,4.2643
2024-07-29,4.4377
2024-07-30,3.7492
2024-07-31,3.6735
2024-08-01,5.0054
2024-08-02,3.9898
2024-08-05,3.7224
2024-08-06,3.8243
2024-08-07,4.9277
2024-08-08,4.7459
2024-08-09,3.7251
2024-08-12,4.7473
2024-08-13,4.2336
2024-08-14,3.8346
2024-08-15,3.763
2024-08-16,4.748
2024-08-19,3.8346
2024-08-20,3.7615
2024-08-21,3.9094
2024-08-22,3.8127
2024-08-23,3.8338
2024-08-26,3.9817
2024-08-27,3.9769
2024-08-28,4.7895
2024-08-29,3.9618
2024-08-30,4.0738
2024-09-02,4.0738
2024-09-03,4.0738
2024-09-04,4.0738
2024-09-05,3.9244
2024-09-06,4.0545
2024-09-09,4.1253
2024-09-10,3.9759
2024-09-11,4.2832
2024-09-12,4.0219
2024-09-13,4.0967
2024-09-16,4.1435
2024-09-17,4.1612
2024-09-18,4.9157
2024-09-19,4.1676
2024-09-20,4.9285
2024-09-23,4.1547
2024-09-24,4.9183
2024-09-25,4.1374
2024-09-26,4.1147
2024-09-27,4.0827
2024-09-30,4.0385
2024-10-01,4.0764
2024-10-02,4.845
2024-10-03,4.1011
2024-10-04,4.8795
2024-10-07,4.8771
2024-10-08,3.8969
2024-10-09,4.163
2024-10-10,3.9486
2024-10-11,3.9569
2024-10-14,4.8729
2024-10-15,4.1997
2024-10-16,4.8676
2024-10-17,4.66
2024-10-18,4.3518
2024-10-21,4.3524
2024-10-22,4.3762
2024-10-23,4.4513
2024-10-24,4.3606
2024-10-25,4.3741
2024-10-28,4.0229
2024-10-29,4.3658
2024-10-30,4.0044
2024-10-31,4.1667
2024-11-01,5.132
2024-11-04,4.5793
2024-11-05,5.0557
2024-11-06,4.2592
2024-11-07,4.269
2024-11-08,5.0997
2024-11-11,5.1954
2024-11-12,4.1182
2024-11-13,4.2023
2024-11-14,4.5862
2024-11-18,5.1277
2024-11-19,5.3114
2024-11-21,5.1204
2024-11-22,4.3591
2024-11-25,5.2405
2024-11-26,5.2437
2024-11-27,4.4117
2024-11-28,4.3847
2024-11-29,4.4683
2024-12-02,4.3188
2024-12-03,4.4137
2024-12-04,5.3836
2024-12-05,5.0464
2024-12-06,5.1043
2024-12-09,5.3755
2024-12-10,5.3564
2024-12-11,5.0611
2024-12-12,4.6593
2024-12-13,5.2847
2024-12-16,4.5842
2024-12-17,4.9859
2024-12-18,5.0189
2024-12-19,5.2282
2024-12-20,5.6267
2024-12-23,5.1919
2024-12-24,5.8735
2024-12-26,4.9458
2024-12-27,4.935
2024-12-30,5.0507
2024-12-31,4.9503
2025-01-02,4.87
2025-01-03,5.166
2025-01-06,5.5014
2025-01-07,5.145
2025-01-08,5.0161
2025-01-09,4.495
2025-01-10,5.1692
2025-01-13,5.1538
2025-01-14,5.4675
2025-01-15,5.5257
2025-01-16,5.112
2025-01-17,4.8611
2025-01-20,5.296
2025-01-21,5.2709
2025-01-22,5.2601
2025-01-23,5.435
2025-01-24,5.6703
2025-01-27,5.7507
2025-01-28,5.0047
2025-01-29,4.9894
2025-01-30,6.1678
2025-01-31,5.1027
2025-02-03,4.9065
2025-02-04,5.3685
2025-02-05,5.3039
2025-02-06,5.5767
2025-02-07,5.0794
2025-02-10,5.8883
2025-02-11,5.8103
2025-02-12,5.8346
2025-02-13,5.1049
2025-02-14,5.4395
2025-02-17,5.7372
2025-02-18,4.9818
2025-02-19,5.5974
2025-02-20,5.8184
2025-02-21,5.5752
2025-02-24,5.8042
2025-02-25,5.9422
2025-02-26,5.5109
2025-02-27,5.4828
2025-02-28,5.9517
2025-03-05,5.0321
2025-03-06,5.0422
2025-03-07,5.5102
2025-03-10,5.8847
2025-03-11,5.48
2025-03-12,4.6942
2025-03-13,5.8218
2025-03-14,5.2824
2025-03-17,4.9951
2025-03-18,5.8066
2025-03-19,5.9427
2025-03-20,5.1811
2025-03-21,5.4409
2025-03-24,6.0273
2025-03-25,5.1185
2025-03-26,5.1626
2025-03-27,5.9542
2025-03-28,5.3529
2025-03-31,5.2616
2025-04-01,5.7957
2025-04-02,5.7922
2025-04-03,5.5601
2025-04-04,5.7073
2025-04-07,5.7521
2025-04-08,5.0442
2025-04-09,5.5601
2025-04-10,5.0621
2025-04-11,5.7311
2025-04-14,5.7253
2025-04-15,5.7194
2025-04-16,5.6959
2025-04-17,5.215
2025-04-22,5.2082
2025-04-23,5.7341
2025-04-24,5.201
2025-04-25,5.6748
2025-04-28,5.0392
2025-04-29,5.033
2025-04-30,5.0396
2025-05-02,5.0746
2025-05-05,5.1634
2025-05-06,5.2642
2025-05-07,5.6519
2025-05-08,5.3171
2025-05-09,4.9471
2025-05-12,5.1355
2025-05-13,5.7346
2025-05-14,4.9468
2025-05-15,5.7368
2025-05-16,5.1247
2025-05-19,5.7305
2025-05-20,5.7373
2025-05-21,5.089
2025-05-22,4.8936
2025-05-23,4.8589
2025-05-26,4.8734
2025-05-27,5.7738
2025-05-28,4.9329
2025-05-29,5.2813
2025-05-30,5.7026
2025-06-02,5.5174
2025-06-03,4.8626
2025-06-04,5.0099
2025-06-05,4.7916
2025-06-06,4.7592
2025-06-09,4.7203
2025-06-10,4.7693
2025-06-11,5.7632
2025-06-12,5.7546
2025-06-13,5.0564
2025-06-16,4.8952
2025-06-17,4.7179
2025-06-18,5.8199
2025-06-20,4.4669
2025-06-23,4.6309
2025-06-24,5.3993
2025-06-25,5.7712
2025-06-26,5.0655
2025-06-27,4.9783
2025-06-30,4.6735
2025-07-01,5.0752
2025-07-02,5.3558
2025-07-03,5.6276
2025-07-04,4.6836
2025-07-07,5.3065
2025-07-08,5.0977
2025-07-09,4.6905
2025-07-10,4.6525
2025-07-11,5.729
2025-07-14,5.1687
2025-07-15,5.0361
2025-07-16,4.9705
2025-07-17,5.0016
2025-07-18,4.8514
2025-07-21,5.6587
2025-07-22,4.7917
2025-07-23,5.696
2025-07-24,4.8122
2025-07-25,4.5301
2025-07-28,4.5241
2025-07-29,4.7959
2025-07-30,4.773
2025-07-31,4.7739
2025-08-01,4.7257
2025-08-04,5.5096
2025-08-05,4.3693
2025-08-06,5.3111
2025-08-07,4.7536
2025-08-08,5.6908
2025-08-11,4.3417
2025-08-12,5.3898
2025-08-13,4.3615
2025-08-14,4.6499
2025-08-15,4.2791
2025-08-18,5.4779
2025-08-19,4.6347
2025-08-20,4.4906
2025-08-21,5.4716
2025-08-22,4.4656
2025-08-25,4.2071
2025-08-26,4.2064
2025-08-27,4.4563
2025-08-28,5.3369
2025-08-29,4.4011
2025-09-01,4.406
2025-09-02,4.4011
2025-09-03,4.5187
2025-09-04,4.4371
2025-09-05,5.1395
2025-09-08,4.446
2025-09-09,4.1457
2025-09-10,5.3538
2025-09-11,4.5211
2025-09-12,5.4798
2025-09-15,4.4526
2025-09-16,4.5194
2025-09-17,4.4526
2025-09-18,4.5366
2025-09-19,5.4379
2025-09-22,4.5254
2025-09-23,5.438
2025-09-24,4.5361
2025-09-25,4.8209
2025-09-26,4.5298
2025-09-29,4.8313
2025-09-30,4.9876
2025-10-01,4.4876
2025-10-02,4.539
2025-10-03,4.4283
2025-10-06,4.8383
2025-10-07,5.1674
2025-10-08,4.9659
2025-10-09,4.5957
2025-10-10,4.7421
2025-10-13,4.5189
2025-10-14,5.2709
2025-10-15,4.3955
2025-10-16,5.3462
2025-10-17,4.4855
2025-10-20,4.4462
2025-10-21,4.3304
2025-10-22,5.3653
2025-10-23,4.6134
2025-10-24,4.0626
2025-10-27,4.3325
2025-10-28,4.2892
2025-10-29,4.1915
2025-10-30,3.9377
2025-10-31,4.2433
2025-11-03,4.0706
2025-11-04,4.0931
2025-11-05,5.4076
2025-11-06,4.2433
2025-11-07,4.2589
2025-11-10,4.2579
2025-11-11,4.3828
2025-11-12,4.3722
2025-11-13,5.4004
2025-11-14,5.4003
2025-11-17,5.4273
2025-11-18,4.3427
2025-11-19,5.4484
2025-11-21,4.0829
2025-11-24,4.253
2025-11-25,4.0853
2025-11-26,5.4143
2025-11-27,5.4006
2025-11-28,5.3197
2025-12-01,4.0955
2025-12-02,5.3746
2025-12-03,5.3742
2025-12-04,5.4326
2025-12-05,3.9619
2025-12-08,4.0238
2025-12-09,4.1648
2025-12-10,5.3119
2025-12-11,3.9459
2025-12-12,3.9394
2025-12-15,3.97
2025-12-16,4.0205
2025-12-17,3.9884
2025-12-18,5.2709
2025-12-19,5.2204
2025-12-22,4.109
2025-12-23,4.1671
2025-12-24,5.2061
2025-12-26,4.0106
2025-12-29,4.0
2025-12-30,5.1586
2025-12-31,4.0152
2026-01-02,3.9625
2026-01-05,4.1707
2026-01-06,4.2889
2026-01-07,4.0444
2026-01-08,3.8755
2026-01-09,4.0426
2026-01-12,4.1821
2026-01-13,4.0153
2026-01-14,5.1129
2026-01-15,4.1821
2026-01-16,4.0163
2026-01-19,4.0327
2026-01-20,4.0
2026-01-21,3.995
2026-01-22,4.1549
2026-01-23,5.2676
2026-01-26,3.9026
2026-01-27,5.242
2026-01-28,5.2461
2026-01-29,4.304
2026-01-30,3.8604
2026-02-02,3.95
2026-02-03,3.9492
2026-02-04,4.1447
2026-02-05,3.9363
2026-02-06,4.2802
2026-02-09,3.9441
2026-02-10,5.2937
2026-02-11,4.2889
2026-02-12,5.3439
2026-02-13,4.1718
2026-02-18,5.2519
2026-02-19,3.9748
2026-02-20,5.218
2026-02-23,5.1995
2026-02-24,4.156
2026-02-25,3.9283
2026-02-26,4.4199
2026-02-27,3.9491
